CODCARRERA,EGRESO,LUGAR_LISTA,PREFERENCIA,DEPENDENCIA,COD_REGION_COLEGIO,PTJE_LENG,PTJE_MAT,PTJE_CIENCIAS,PTJE_HIST,PTJE_RANKING,RETENCION_AL_PRIMER_AÑO,RETENCION_AL_TERCER_AÑO,EXTRANJERO,CIUDAD_SEDE,GRATUIDAD,ETNIA,SEXO_(1F),TIPO_INGRESO_IEP-Excepción Lista espera Rep,TIPO_INGRESO_IRP-Lista de selección,TIPO_INGRESO_Otro ingreso,TIPO_COLEGIO_H1,TIPO_COLEGIO_H2,TIPO_COLEGIO_ND,TIPO_COLEGIO_T1,TIPO_COLEGIO_T2,TIPO_COLEGIO_T3,TIPO_COLEGIO_T5,EDAD_INGRESO
8453,0,0.0,1.0,5.0,2.0,612.0,623.0,601.0,0.0,476.0,0,0,0,1,0,0,0,False,False,True,False,False,True,False,False,False,False,18
8453,2005,1.0,1.0,3.0,2.0,496.0,495.0,545.0,0.0,649.0,1,1,0,1,0,0,1,False,True,False,True,False,False,False,False,False,False,31
8453,2017,1.0,1.0,3.0,2.0,256.0,363.0,392.0,0.0,675.0,1,1,0,1,0,0,1,False,False,True,False,False,False,False,True,False,False,19
8453,2017,2.0,1.0,2.0,2.0,415.0,570.0,457.0,0.0,587.0,1,1,0,1,0,0,1,False,True,False,True,False,False,False,False,False,False,18
8453,2017,3.0,3.0,2.0,4.0,458.0,518.0,425.0,559.0,577.0,0,0,0,0,0,0,0,False,True,False,False,True,False,False,False,False,False,19
8453,2017,7.0,2.0,3.0,2.0,442.0,481.0,443.0,0.0,607.0,0,0,0,1,0,0,1,False,True,False,False,False,False,False,False,True,False,19
8453,2008,8.0,2.0,2.0,2.0,474.0,570.0,558.0,0.0,476.0,0,0,0,1,0,0,0,False,True,False,True,False,False,False,False,False,False,29
8453,2017,10.0,1.0,3.0,2.0,474.0,481.0,349.0,0.0,605.0,1,1,0,0,0,0,1,False,True,False,False,False,False,False,True,False,False,18
8453,2017,11.0,2.0,2.0,2.0,517.0,507.0,576.0,0.0,482.0,1,0,0,1,0,0,0,False,True,False,True,False,False,False,False,False,False,18
8103,2017,1.0,1.0,2.0,2.0,663.0,725.0,678.0,590.0,753.0,1,1,0,1,0,0,0,False,True,False,True,False,False,False,False,False,False,18
8103,2017,2.0,1.0,3.0,2.0,580.0,644.0,601.0,530.0,850.0,1,1,0,1,0,0,0,False,True,False,True,False,False,False,False,False,False,18
8103,2017,4.0,2.0,2.0,2.0,628.0,676.0,629.0,0.0,745.0,1,1,0,1,0,0,1,False,True,False,True,False,False,False,False,False,False,18
8103,2017,5.0,1.0,2.0,2.0,596.0,689.0,678.0,0.0,702.0,1,1,0,1,0,0,0,False,True,False,True,False,False,False,False,False,False,19
8103,2017,5.0,1.0,3.0,2.0,530.0,601.0,523.0,0.0,526.0,1,0,0,0,0,0,0,False,False,True,True,False,False,False,False,False,False,19
8103,2017,7.0,1.0,3.0,2.0,517.0,596.0,514.0,0.0,822.0,1,1,0,1,0,0,0,False,True,False,True,False,False,False,False,False,False,19
8103,2012,9.0,1.0,2.0,2.0,551.0,623.0,570.0,0.0,717.0,1,1,0,1,0,0,1,False,True,False,True,False,False,False,False,False,False,24
8103,2017,10.0,1.0,2.0,2.0,530.0,627.0,651.0,0.0,672.0,1,0,0,1,0,1,0,False,True,False,True,False,False,False,False,False,False,18
8103,2017,12.0,1.0,2.0,2.0,588.0,660.0,668.0,0.0,592.0,1,1,0,1,0,0,0,False,True,False,True,False,False,False,False,False,False,18
8103,2015,13.0,3.0,3.0,15.0,503.0,685.0,674.0,0.0,575.0,0,0,0,0,0,0,0,False,True,False,False,False,False,False,True,False,False,22
8103,2017,14.0,1.0,3.0,15.0,596.0,558.0,576.0,0.0,692.0,1,0,0,0,0,1,0,False,True,False,True,False,False,False,False,False,False,19
8103,2016,15.0,2.0,2.0,1.0,604.0,660.0,558.0,0.0,575.0,1,1,0,0,0,0,1,False,True,False,True,False,False,False,False,False,False,19
8103,2012,16.0,1.0,3.0,2.0,558.0,586.0,586.0,0.0,661.0,1,1,0,1,0,0,0,False,True,False,True,False,False,False,False,False,False,25
8103,2017,18.0,1.0,3.0,2.0,503.0,518.0,470.0,0.0,779.0,0,0,0,1,0,1,1,False,True,False,True,False,False,False,False,False,False,19
8103,2017,20.0,1.0,3.0,2.0,604.0,660.0,629.0,0.0,528.0,1,1,0,0,0,0,0,False,True,False,True,False,False,False,False,False,False,18
8103,2017,21.0,1.0,3.0,2.0,620.0,544.0,551.0,0.0,660.0,1,0,0,1,0,0,0,False,True,False,True,False,False,False,False,False,False,18
8103,2017,22.0,1.0,2.0,2.0,517.0,619.0,646.0,0.0,579.0,1,1,0,1,0,0,0,False,True,False,True,False,False,False,False,False,False,19
8103,2017,24.0,1.0,3.0,3.0,481.0,558.0,425.0,0.0,768.0,0,0,0,0,0,0,1,False,True,False,True,False,False,False,False,False,False,19
8103,2014,25.0,1.0,2.0,2.0,580.0,636.0,699.0,0.0,528.0,1,1,0,1,0,0,0,False,True,False,True,False,False,False,False,False,False,22
8103,2017,27.0,3.0,2.0,7.0,517.0,544.0,506.0,0.0,685.0,1,1,0,0,0,0,1,False,True,False,False,False,False,False,False,True,False,18
8103,2016,28.0,1.0,3.0,2.0,523.0,518.0,349.0,0.0,729.0,0,0,0,1,0,0,1,False,True,False,True,False,False,False,False,False,False,19
8103,2016,29.0,1.0,3.0,2.0,523.0,544.0,495.0,0.0,679.0,1,1,1,1,0,0,0,False,True,False,False,False,False,False,True,False,False,19
8103,2017,31.0,2.0,3.0,2.0,566.0,652.0,514.0,0.0,513.0,1,0,0,0,0,0,0,False,True,False,True,False,False,False,False,False,False,19
8103,2017,32.0,1.0,3.0,2.0,573.0,518.0,506.0,496.0,653.0,0,0,0,1,0,0,1,False,True,False,True,False,False,False,False,False,False,19
8103,2017,33.0,3.0,2.0,2.0,424.0,605.0,601.0,0.0,577.0,1,1,0,0,0,0,1,False,True,False,True,False,False,False,False,False,False,19
8103,2017,34.0,1.0,2.0,2.0,558.0,575.0,545.0,574.0,578.0,1,1,0,1,0,0,1,False,True,False,True,False,False,False,False,False,False,19
8103,2015,35.0,2.0,2.0,2.0,481.0,619.0,615.0,0.0,517.0,1,0,0,1,0,0,0,False,True,False,True,False,False,False,False,False,False,20
8103,2017,36.0,1.0,2.0,2.0,596.0,586.0,558.0,0.0,523.0,1,1,0,1,0,0,0,False,True,False,True,False,False,False,False,False,False,18
8103,2015,37.0,1.0,2.0,2.0,612.0,591.0,506.0,0.0,522.0,1,1,0,0,0,1,1,False,True,False,True,False,False,False,False,False,False,21
8103,2017,38.0,3.0,2.0,9.0,474.0,586.0,545.0,0.0,548.0,0,0,0,0,0,1,0,False,True,False,True,False,False,False,False,False,False,20
8103,2017,39.0,1.0,2.0,2.0,537.0,564.0,582.0,0.0,545.0,1,1,0,1,0,0,0,False,True,False,True,False,False,False,False,False,False,18
8103,2017,42.0,1.0,2.0,1.0,442.0,507.0,457.0,0.0,666.0,0,0,0,0,0,0,0,True,False,False,True,False,False,False,False,False,False,19
8853,2016,1.0,1.0,2.0,2.0,630.0,678.0,602.0,0.0,837.0,1,1,0,1,0,0,1,False,True,False,True,False,False,False,False,False,False,20
8853,2017,2.0,1.0,2.0,2.0,654.0,694.0,651.0,0.0,767.0,1,1,0,1,0,0,0,False,True,False,True,False,False,False,False,False,False,18
8853,2017,3.0,1.0,2.0,2.0,517.0,660.0,576.0,0.0,707.0,1,1,0,1,0,1,1,False,True,False,True,False,False,False,False,False,False,18
8853,2017,4.0,1.0,2.0,2.0,646.0,652.0,664.0,0.0,563.0,1,0,0,1,0,0,0,False,True,False,True,False,False,False,False,False,False,19
8853,2017,5.0,1.0,2.0,3.0,580.0,586.0,545.0,0.0,623.0,1,1,0,0,0,0,1,False,True,False,True,False,False,False,False,False,False,19
8853,2007,8.0,1.0,3.0,2.0,362.0,631.0,0.0,466.0,557.0,1,1,0,1,0,0,1,False,True,False,False,False,False,True,False,False,False,29
8853,2017,15.0,6.0,2.0,2.0,433.0,544.0,0.0,542.0,476.0,0,0,0,0,0,0,0,True,False,False,True,False,False,False,False,False,False,19
8843,2016,1.0,1.0,2.0,2.0,697.0,660.0,644.0,0.0,762.0,1,1,0,0,0,0,1,False,True,False,True,False,False,False,False,False,False,20
8843,2014,2.0,1.0,2.0,2.0,684.0,601.0,0.0,677.0,773.0,1,1,0,1,0,0,0,False,True,False,False,False,False,False,True,False,False,22
8843,2017,3.0,1.0,2.0,2.0,523.0,601.0,506.0,483.0,818.0,1,1,0,1,0,0,1,False,True,False,True,False,False,False,False,False,False,19
8843,2017,4.0,1.0,2.0,2.0,530.0,623.0,570.0,510.0,770.0,1,1,0,0,0,0,1,False,True,False,True,False,False,False,False,False,False,18
8843,2014,5.0,1.0,3.0,2.0,579.0,620.0,574.0,0.0,740.0,1,1,0,1,0,0,1,False,True,False,True,False,False,False,False,False,False,22
8843,1994,6.0,1.0,3.0,2.0,523.0,591.0,0.0,553.0,792.0,0,0,0,1,0,0,0,False,True,False,True,False,False,False,False,False,False,42
8843,2017,8.0,2.0,2.0,2.0,604.0,591.0,582.0,559.0,616.0,1,1,0,1,0,0,1,False,True,False,True,False,False,False,False,False,False,19
8843,2017,9.0,1.0,2.0,2.0,637.0,581.0,514.0,0.0,595.0,1,0,0,1,0,0,0,False,True,False,True,False,False,False,False,False,False,18
8843,2017,15.0,1.0,3.0,2.0,551.0,614.0,0.0,510.0,502.0,0,0,0,0,0,1,1,False,True,False,True,False,False,False,False,False,False,18
8843,2017,17.0,1.0,2.0,2.0,517.0,619.0,537.0,0.0,492.0,1,1,0,0,0,0,0,True,False,False,True,False,False,False,False,False,False,19
8843,2016,20.0,1.0,2.0,2.0,579.0,562.0,505.0,0.0,496.0,1,0,0,1,0,0,0,True,False,False,True,False,False,False,False,False,False,19
8843,2017,21.0,1.0,3.0,2.0,537.0,614.0,443.0,496.0,445.0,1,1,0,0,0,0,1,True,False,False,True,False,False,False,False,False,False,18
8843,2017,22.0,1.0,2.0,2.0,466.0,558.0,529.0,436.0,486.0,1,1,0,0,0,0,0,True,False,False,True,False,False,False,False,False,False,19
8293,2017,1.0,2.0,2.0,2.0,573.0,564.0,470.0,0.0,492.0,1,1,0,0,0,0,1,False,True,False,True,False,False,False,False,False,False,18
8293,2017,3.0,1.0,2.0,4.0,466.0,448.0,495.0,0.0,558.0,1,1,0,0,0,0,1,False,True,False,True,False,False,False,False,False,False,20
8483,2015,1.0,1.0,2.0,2.0,744.0,698.0,694.0,0.0,836.0,1,1,0,1,0,0,1,False,True,False,True,False,False,False,False,False,False,21
8483,2017,2.0,1.0,2.0,2.0,596.0,660.0,709.0,0.0,850.0,1,1,0,1,0,0,0,False,True,False,True,False,False,False,False,False,False,19
8483,2017,3.0,1.0,3.0,2.0,637.0,703.0,637.0,0.0,850.0,1,1,0,1,0,1,1,False,True,False,True,False,False,False,False,False,False,18
8483,2017,5.0,1.0,2.0,1.0,544.0,619.0,637.0,0.0,791.0,1,1,0,0,0,0,1,False,True,False,True,False,False,False,False,False,False,18
8483,2007,6.0,2.0,2.0,2.0,758.0,636.0,625.0,657.0,710.0,1,1,0,1,0,0,1,False,True,False,True,False,False,False,False,False,False,29
8483,2012,8.0,1.0,2.0,2.0,654.0,623.0,655.0,0.0,687.0,1,0,0,1,0,0,0,False,True,False,True,False,False,False,False,False,False,24
8483,2017,9.0,1.0,2.0,2.0,588.0,610.0,651.0,0.0,685.0,0,0,0,1,0,0,1,False,True,False,True,False,False,False,False,False,False,19
8483,2012,10.0,1.0,3.0,2.0,716.0,518.0,545.0,0.0,761.0,0,0,0,1,0,0,0,False,True,False,True,False,False,False,False,False,False,23
8483,2017,12.0,2.0,3.0,2.0,489.0,644.0,611.0,0.0,664.0,1,1,0,0,0,0,0,False,True,False,True,False,False,False,False,False,False,18
8483,2016,13.0,1.0,3.0,2.0,541.0,568.0,585.0,0.0,684.0,0,0,0,1,0,0,1,False,True,False,True,False,False,False,False,False,False,19
8483,2017,15.0,6.0,2.0,15.0,537.0,745.0,591.0,510.0,564.0,0,0,0,0,0,0,0,False,True,False,True,False,False,False,False,False,False,18
8483,2016,16.0,1.0,2.0,1.0,612.0,581.0,651.0,0.0,587.0,1,1,0,0,0,0,0,False,True,False,True,False,False,False,False,False,False,19
8483,2017,17.0,3.0,2.0,2.0,620.0,601.0,611.0,564.0,596.0,1,1,0,1,0,0,1,False,True,False,True,False,False,False,False,False,False,18
8483,2017,19.0,1.0,2.0,2.0,573.0,596.0,620.0,0.0,606.0,1,1,0,1,0,0,1,False,True,False,True,False,False,False,False,False,False,18
8483,2007,20.0,1.0,3.0,2.0,544.0,570.0,582.0,0.0,676.0,0,0,0,0,0,0,1,False,True,False,False,False,False,True,False,False,False,29
8483,2017,21.0,1.0,2.0,3.0,537.0,507.0,570.0,0.0,711.0,0,0,0,0,0,0,1,False,True,False,False,False,False,False,True,False,False,19
8483,2017,22.0,1.0,3.0,2.0,450.0,495.0,514.0,0.0,756.0,0,0,0,1,0,0,1,False,True,False,True,False,False,False,False,False,False,18
8483,2017,24.0,3.0,2.0,11.0,489.0,614.0,582.0,0.0,631.0,1,1,0,0,0,1,0,False,True,False,True,False,False,False,False,False,False,19
8483,2017,25.0,1.0,2.0,2.0,558.0,570.0,615.0,0.0,604.0,1,1,0,1,0,0,1,False,True,False,True,False,False,False,False,False,False,18
8483,2017,26.0,4.0,2.0,4.0,628.0,581.0,664.0,0.0,534.0,1,1,0,0,0,0,0,False,True,False,True,False,False,False,False,False,False,19
8483,2014,27.0,3.0,2.0,2.0,588.0,601.0,601.0,0.0,579.0,1,1,0,1,0,0,1,False,True,False,True,False,False,False,False,False,False,21
8483,2017,28.0,1.0,2.0,15.0,530.0,596.0,625.0,0.0,575.0,1,0,0,0,0,0,1,False,True,False,True,False,False,False,False,False,False,18
8483,2004,29.0,1.0,2.0,2.0,549.0,543.0,546.0,0.0,685.0,0,0,0,0,0,0,1,False,True,False,True,False,False,False,False,False,False,31
8483,2017,30.0,2.0,2.0,2.0,517.0,408.0,551.0,0.0,850.0,0,0,0,1,0,0,0,False,True,False,True,False,False,False,False,False,False,18
8483,2017,32.0,1.0,2.0,4.0,612.0,591.0,558.0,559.0,627.0,1,0,0,0,0,0,1,False,True,False,True,False,False,False,False,False,False,19
8483,2016,34.0,1.0,3.0,2.0,637.0,564.0,545.0,0.0,624.0,1,0,0,1,0,0,0,False,True,False,True,False,False,False,False,False,False,20
8483,2016,36.0,1.0,3.0,2.0,604.0,558.0,586.0,0.0,592.0,1,1,0,0,0,0,1,False,True,False,True,False,False,False,False,False,False,20
8483,2016,37.0,1.0,2.0,2.0,541.0,606.0,561.0,420.0,604.0,1,1,0,1,0,0,1,False,True,False,True,False,False,False,False,False,False,20
8483,2016,39.0,1.0,3.0,2.0,663.0,465.0,537.0,584.0,647.0,0,0,0,1,0,0,1,False,True,False,True,False,False,False,False,False,False,20
8483,2015,40.0,1.0,2.0,4.0,530.0,610.0,629.0,0.0,534.0,1,1,0,0,0,0,1,False,True,False,True,False,False,False,False,False,False,21
8483,2014,41.0,1.0,2.0,2.0,551.0,527.0,601.0,517.0,612.0,0,0,0,0,0,0,1,False,True,False,True,False,False,False,False,False,False,21
8483,2016,42.0,1.0,3.0,15.0,466.0,564.0,591.0,0.0,599.0,1,1,0,0,0,1,0,False,True,False,True,False,False,False,False,False,False,19
8483,2017,44.0,1.0,2.0,2.0,580.0,570.0,537.0,457.0,605.0,1,1,0,1,0,0,0,False,True,False,True,False,False,False,False,False,False,18
8483,2017,45.0,3.0,3.0,4.0,544.0,448.0,506.0,0.0,718.0,1,0,0,0,0,0,1,False,True,False,False,False,False,False,True,False,False,19
8483,2016,46.0,1.0,3.0,2.0,571.0,523.0,462.0,498.0,688.0,1,0,0,1,0,0,1,False,True,False,False,False,False,False,False,True,False,20
8483,2017,47.0,3.0,3.0,2.0,481.0,544.0,576.0,0.0,576.0,1,1,0,0,0,0,0,False,True,False,True,False,False,False,False,False,False,18
8483,2013,48.0,1.0,2.0,15.0,544.0,581.0,611.0,0.0,507.0,0,0,0,0,0,0,0,False,True,False,True,False,False,False,False,False,False,23
8483,2017,49.0,2.0,2.0,5.0,458.0,575.0,470.0,0.0,641.0,1,1,0,0,0,0,1,False,True,False,True,False,False,False,False,False,False,18
8483,2017,50.0,1.0,3.0,2.0,612.0,570.0,506.0,0.0,569.0,0,0,0,1,0,0,1,False,True,False,True,False,False,False,False,False,False,18
8483,2017,51.0,2.0,2.0,1.0,442.0,518.0,551.0,496.0,612.0,0,0,0,0,0,0,1,False,True,False,True,False,False,False,False,False,False,18
8483,2015,52.0,1.0,3.0,3.0,530.0,507.0,514.0,0.0,618.0,1,0,0,0,0,1,1,False,True,False,True,False,False,False,False,False,False,20
8483,2015,53.0,1.0,3.0,2.0,604.0,558.0,576.0,0.0,523.0,1,0,0,0,0,0,0,False,True,False,True,False,False,False,False,False,False,21
8483,2017,55.0,2.0,3.0,2.0,604.0,631.0,576.0,0.0,486.0,1,1,0,0,0,0,0,False,True,False,True,False,False,False,False,False,False,18
8483,2017,56.0,1.0,3.0,2.0,489.0,448.0,506.0,0.0,672.0,1,0,0,0,0,0,1,False,True,False,True,False,False,False,False,False,False,19
8483,2012,57.0,1.0,3.0,2.0,573.0,586.0,620.0,0.0,478.0,1,0,0,0,0,0,0,False,True,False,False,False,False,False,True,False,False,23
8483,2017,58.0,1.0,2.0,3.0,663.0,596.0,514.0,590.0,525.0,0,0,0,0,0,1,0,False,True,False,False,False,False,False,True,False,False,19
8483,2016,59.0,1.0,3.0,2.0,530.0,581.0,570.0,0.0,519.0,1,1,0,0,0,0,0,False,True,False,False,False,False,False,True,False,False,20
8483,2017,60.0,1.0,2.0,2.0,628.0,610.0,625.0,0.0,431.0,0,0,0,0,0,0,0,False,True,False,True,False,False,False,False,False,False,18
8483,2005,61.0,1.0,2.0,2.0,480.0,523.0,574.0,0.0,553.0,1,1,0,1,0,0,1,False,True,False,True,False,False,False,False,False,False,31
8483,2017,63.0,3.0,2.0,2.0,517.0,601.0,537.0,0.0,517.0,1,1,0,1,0,0,1,False,True,False,True,False,False,False,False,False,False,19
8483,2017,64.0,3.0,2.0,2.0,474.0,536.0,576.0,0.0,523.0,1,1,0,1,0,0,1,False,True,False,True,False,False,False,False,False,False,20
8483,2010,65.0,1.0,3.0,2.0,481.0,481.0,506.0,0.0,628.0,1,1,0,1,0,0,1,False,True,False,False,False,False,False,False,True,False,26
8483,2016,68.0,3.0,3.0,2.0,523.0,601.0,537.0,411.0,496.0,1,1,0,0,0,0,1,False,True,False,True,False,False,False,False,False,False,19
8483,2009,69.0,1.0,2.0,2.0,556.0,494.0,488.0,0.0,583.0,1,1,0,1,0,0,1,False,True,False,True,False,False,False,False,False,False,26
8453,0,0.0,1.0,5.0,2.0,502.0,482.0,475.0,473.0,647.0,1,1,0,1,0,0,1,False,False,True,False,False,True,False,False,False,False,18
8453,0,7.0,2.0,2.0,2.0,509.0,567.0,367.0,0.0,569.0,0,0,0,1,0,0,1,False,True,False,True,False,False,False,False,False,False,19
8453,0,8.0,2.0,2.0,2.0,573.0,564.0,470.0,0.0,492.0,1,1,0,1,0,0,1,False,True,False,True,False,False,False,False,False,False,19
8453,0,15.0,1.0,2.0,4.0,466.0,448.0,495.0,0.0,558.0,1,1,0,0,0,0,1,False,True,False,True,False,False,False,False,False,False,21
8103,0,1.0,1.0,3.0,6.0,572.0,598.0,559.0,598.0,749.0,0,0,0,0,0,0,0,False,False,True,True,False,False,False,False,False,False,19
8103,0,1.0,1.0,2.0,2.0,706.0,764.0,734.0,0.0,780.0,1,1,0,1,0,0,0,False,True,False,True,False,False,False,False,False,False,18
8103,0,2.0,1.0,3.0,2.0,725.0,739.0,636.0,0.0,686.0,1,1,0,0,0,1,0,False,True,False,True,False,False,False,False,False,False,19
8103,0,3.0,4.0,2.0,2.0,598.0,686.0,659.0,0.0,740.0,1,1,0,1,0,0,0,False,True,False,True,False,False,False,False,False,False,19
8103,0,4.0,1.0,2.0,2.0,628.0,675.0,593.0,0.0,765.0,1,0,0,1,0,0,0,False,True,False,True,False,False,False,False,False,False,18
8103,0,5.0,1.0,3.0,2.0,466.0,403.0,0.0,435.0,595.0,0,0,0,0,0,0,1,False,False,True,False,False,False,True,False,False,False,18
8103,0,5.0,1.0,2.0,2.0,663.0,675.0,692.0,0.0,718.0,1,0,0,1,0,0,0,False,True,False,True,False,False,False,False,False,False,18
8103,0,7.0,1.0,2.0,2.0,608.0,678.0,649.0,0.0,716.0,1,0,0,1,0,0,0,False,True,False,True,False,False,False,False,False,False,19
8103,0,8.0,1.0,3.0,15.0,488.0,657.0,603.0,0.0,722.0,1,1,0,0,0,0,0,False,True,False,True,False,False,False,False,False,False,22
8103,0,9.0,1.0,2.0,2.0,676.0,631.0,631.0,0.0,668.0,1,0,0,1,0,0,1,False,True,False,True,False,False,False,False,False,False,18
8103,0,10.0,2.0,2.0,4.0,503.0,575.0,545.0,0.0,814.0,1,1,0,0,0,0,1,False,True,False,True,False,False,False,False,False,False,19
8103,0,12.0,1.0,3.0,2.0,547.0,612.0,537.0,0.0,749.0,1,0,0,0,0,1,0,False,True,False,False,False,False,False,True,False,False,18
8103,0,13.0,4.0,2.0,2.0,639.0,671.0,622.0,0.0,618.0,1,0,0,1,0,0,0,False,True,False,True,False,False,False,False,False,False,19
8103,0,14.0,1.0,2.0,2.0,459.0,631.0,537.0,0.0,744.0,1,1,0,1,0,0,1,False,True,False,True,False,False,False,False,False,False,24
8103,0,15.0,1.0,3.0,2.0,563.0,594.0,583.0,0.0,716.0,1,1,0,1,0,0,0,False,True,False,True,False,False,False,False,False,False,19
8103,0,17.0,1.0,3.0,2.0,473.0,603.0,588.0,0.0,667.0,1,0,0,1,0,0,0,False,True,False,True,False,False,False,False,False,False,18
8103,0,21.0,1.0,2.0,2.0,524.0,616.0,559.0,0.0,600.0,0,0,0,1,0,0,1,False,True,False,True,False,False,False,False,False,False,19
8103,0,22.0,1.0,2.0,2.0,598.0,584.0,593.0,0.0,602.0,0,0,0,0,0,0,0,False,True,False,True,False,False,False,False,False,False,18
8103,0,24.0,1.0,3.0,2.0,608.0,598.0,593.0,0.0,572.0,1,1,0,0,0,0,0,False,True,False,True,False,False,False,False,False,False,19
8103,0,26.0,1.0,3.0,2.0,502.0,567.0,552.0,539.0,635.0,1,0,0,1,0,0,0,False,True,False,False,False,False,False,True,False,False,22
8103,0,27.0,3.0,3.0,15.0,517.0,589.0,537.0,0.0,590.0,1,1,0,0,0,0,0,False,True,False,True,False,False,False,False,False,False,18
8103,0,29.0,1.0,3.0,2.0,663.0,498.0,565.0,0.0,641.0,1,0,0,0,0,0,0,False,True,False,False,False,False,False,True,False,False,20
8103,0,30.0,1.0,2.0,15.0,589.0,589.0,521.0,497.0,565.0,1,0,0,0,0,0,1,False,True,False,True,False,False,False,False,False,False,18
8103,0,31.0,1.0,3.0,2.0,572.0,646.0,640.0,0.0,482.0,1,0,0,0,0,0,1,False,True,False,True,False,False,False,False,False,False,19
8103,0,33.0,1.0,2.0,10.0,415.0,524.0,571.0,490.0,672.0,0,0,0,0,0,0,0,False,True,False,True,False,False,False,False,False,False,19
8103,0,34.0,2.0,3.0,13.0,459.0,512.0,488.0,0.0,665.0,1,0,0,0,0,0,1,False,True,False,False,False,False,False,True,False,False,21
8103,0,35.0,1.0,3.0,2.0,539.0,598.0,571.0,0.0,507.0,1,0,0,0,0,0,0,False,True,False,True,False,False,False,False,False,False,19
8103,0,36.0,1.0,3.0,2.0,547.0,638.0,545.0,0.0,470.0,1,0,0,0,0,0,0,False,True,False,True,False,False,False,False,False,False,18
8103,0,38.0,1.0,2.0,13.0,547.0,620.0,622.0,497.0,466.0,0,0,0,0,0,0,0,False,True,False,True,False,False,False,False,False,False,20
8103,0,39.0,1.0,3.0,2.0,407.0,535.0,348.0,0.0,670.0,0,0,0,1,0,0,1,False,True,False,True,False,False,False,False,False,False,20
8103,0,41.0,1.0,3.0,2.0,445.0,524.0,552.0,526.0,594.0,1,0,0,0,0,0,0,False,True,False,False,False,False,False,True,False,False,18
8103,0,43.0,2.0,3.0,10.0,663.0,567.0,511.0,0.0,495.0,1,0,0,0,0,0,0,False,True,False,True,False,False,False,False,False,False,20
8103,0,44.0,1.0,3.0,2.0,663.0,560.0,559.0,551.0,489.0,1,1,0,0,0,0,0,True,False,False,False,False,False,False,True,False,False,26
8103,0,45.0,1.0,2.0,2.0,430.0,603.0,435.0,0.0,517.0,1,0,0,1,0,0,0,True,False,False,True,False,False,False,False,False,False,19
8103,0,47.0,1.0,3.0,2.0,580.0,558.0,582.0,553.0,486.0,1,0,0,0,0,0,1,True,False,False,True,False,False,False,False,False,False,31
8853,0,0.0,1.0,5.0,2.0,532.0,567.0,559.0,0.0,660.0,1,0,0,1,0,0,0,False,False,True,False,False,True,False,False,False,False,25
8853,0,1.0,1.0,2.0,2.0,706.0,664.0,0.0,634.0,586.0,1,1,0,1,0,0,0,False,True,False,True,False,False,False,False,False,False,19
8853,0,3.0,1.0,2.0,2.0,628.0,671.0,608.0,0.0,502.0,1,1,0,1,0,0,1,False,True,False,True,False,False,False,False,False,False,26
8853,0,5.0,1.0,2.0,2.0,495.0,524.0,0.0,473.0,592.0,1,0,0,1,0,0,0,False,True,False,False,False,False,True,False,False,False,18
8853,0,6.0,6.0,3.0,2.0,422.0,544.0,488.0,0.0,509.0,1,1,0,1,0,0,1,False,True,False,False,False,False,False,False,True,False,21
8843,0,1.0,1.0,3.0,2.0,437.0,573.0,463.0,0.0,741.0,1,1,0,0,0,0,0,False,False,True,True,False,False,False,False,False,False,19
8843,0,1.0,1.0,2.0,2.0,676.0,716.0,672.0,0.0,850.0,1,1,0,1,0,0,1,False,True,False,True,False,False,False,False,False,False,18
8843,0,2.0,1.0,2.0,2.0,563.0,627.0,545.0,0.0,792.0,1,1,0,1,0,0,1,False,True,False,True,False,False,False,False,False,False,18
8843,0,3.0,1.0,3.0,2.0,639.0,649.0,537.0,0.0,721.0,0,0,0,0,0,0,0,False,True,False,True,False,False,False,False,False,False,20
8843,0,4.0,1.0,2.0,2.0,524.0,603.0,488.0,526.0,778.0,1,0,0,1,0,0,1,False,True,False,True,False,False,False,False,False,False,19
8843,0,5.0,1.0,2.0,2.0,532.0,631.0,435.0,0.0,741.0,1,1,0,0,0,1,1,False,True,False,True,False,False,False,False,False,False,18
8843,0,6.0,1.0,2.0,2.0,555.0,649.0,588.0,0.0,652.0,1,1,0,1,0,0,0,False,True,False,True,False,False,False,False,False,False,19
8843,0,7.0,1.0,3.0,2.0,547.0,675.0,559.0,532.0,632.0,1,1,0,0,0,0,0,False,True,False,True,False,False,False,False,False,False,18
8843,0,8.0,1.0,3.0,2.0,547.0,584.0,537.0,0.0,739.0,1,1,0,1,0,0,0,False,True,False,True,False,False,False,False,False,False,22
8843,0,9.0,1.0,2.0,2.0,618.0,567.0,402.0,490.0,734.0,1,1,0,0,0,0,1,False,True,False,True,False,False,False,False,False,False,19
8843,0,10.0,1.0,2.0,2.0,618.0,646.0,0.0,604.0,598.0,1,1,0,1,0,0,0,False,True,False,True,False,False,False,False,False,False,19
8843,0,11.0,1.0,3.0,2.0,555.0,668.0,577.0,569.0,592.0,1,1,0,0,0,0,1,False,True,False,True,False,False,False,False,False,False,18
8843,0,12.0,1.0,2.0,2.0,563.0,584.0,0.0,557.0,690.0,1,1,0,1,0,0,0,False,True,False,True,False,False,False,False,False,False,18
8843,0,13.0,1.0,2.0,2.0,572.0,589.0,530.0,497.0,695.0,0,0,0,1,0,0,1,False,True,False,True,False,False,False,False,False,False,19
8843,0,14.0,1.0,3.0,2.0,539.0,573.0,0.0,587.0,666.0,0,0,0,1,0,0,1,False,True,False,False,False,False,False,True,False,False,18
8843,0,15.0,2.0,3.0,2.0,589.0,649.0,613.0,587.0,528.0,1,1,0,0,0,1,0,False,True,False,True,False,False,False,False,False,False,19
8843,0,16.0,1.0,2.0,2.0,572.0,649.0,463.0,0.0,528.0,1,1,0,1,0,0,0,True,False,False,True,False,False,False,False,False,False,18
8843,0,17.0,1.0,3.0,2.0,517.0,560.0,0.0,465.0,648.0,1,1,0,1,0,0,1,True,False,False,False,False,False,False,False,False,True,32
8843,0,19.0,1.0,2.0,2.0,459.0,646.0,511.0,0.0,441.0,1,0,0,1,0,0,0,True,False,False,True,False,False,False,False,False,False,24
8483,0,0.0,1.0,5.0,2.0,572.0,512.0,420.0,0.0,555.0,0,0,0,1,0,0,1,False,False,True,False,False,True,False,False,False,False,26
8483,0,1.0,2.0,2.0,2.0,766.0,690.0,727.0,0.0,727.0,1,1,0,1,0,0,1,False,True,False,True,False,False,False,False,False,False,21
8483,0,2.0,2.0,2.0,2.0,706.0,589.0,636.0,0.0,827.0,1,1,0,0,0,1,1,False,True,False,True,False,False,False,False,False,False,20
8483,0,3.0,1.0,2.0,2.0,563.0,635.0,613.0,551.0,850.0,1,1,0,1,0,0,1,False,True,False,True,False,False,False,False,False,False,19
8483,0,4.0,3.0,3.0,2.0,445.0,446.0,449.0,275.0,676.0,1,1,0,0,0,0,1,False,False,True,True,False,False,False,False,False,False,18
8483,0,5.0,1.0,2.0,2.0,572.0,616.0,583.0,0.0,850.0,1,1,0,1,0,0,1,False,True,False,True,False,False,False,False,False,False,19
8483,0,6.0,1.0,2.0,2.0,704.0,640.0,642.0,633.0,660.0,0,0,0,1,0,0,0,False,True,False,True,False,False,False,False,False,False,21
8483,0,7.0,3.0,3.0,2.0,639.0,616.0,603.0,0.0,716.0,1,1,0,0,0,0,1,False,True,False,True,False,False,False,False,False,False,18
8483,0,8.0,3.0,2.0,2.0,646.0,591.0,674.0,0.0,648.0,1,1,0,1,0,0,0,False,True,False,True,False,False,False,False,False,False,20
8483,0,9.0,1.0,3.0,2.0,690.0,535.0,577.0,0.0,763.0,1,1,0,0,0,1,1,False,True,False,False,False,False,True,False,False,False,18
8483,0,10.0,2.0,2.0,2.0,639.0,649.0,649.0,0.0,639.0,1,1,0,1,0,0,1,False,True,False,True,False,False,False,False,False,False,19
8483,0,11.0,1.0,3.0,4.0,563.0,607.0,622.0,0.0,688.0,1,1,0,0,0,0,0,False,True,False,True,False,False,False,False,False,False,18
8483,0,12.0,1.0,2.0,2.0,580.0,524.0,521.0,0.0,805.0,1,1,0,1,0,0,1,False,True,False,True,False,False,False,False,False,False,18
8483,0,13.0,1.0,2.0,1.0,510.0,623.0,582.0,0.0,699.0,1,1,0,0,0,0,1,False,True,False,True,False,False,False,False,False,False,19
8483,0,14.0,2.0,2.0,2.0,639.0,635.0,603.0,0.0,651.0,1,1,0,0,0,0,0,False,True,False,True,False,False,False,False,False,False,19
8483,0,15.0,1.0,2.0,2.0,725.0,544.0,627.0,0.0,635.0,1,1,0,1,0,0,0,False,True,False,True,False,False,False,False,False,False,19
8483,0,16.0,1.0,2.0,2.0,639.0,579.0,598.0,0.0,677.0,1,1,1,1,0,0,1,False,True,False,True,False,False,False,False,False,False,18
8483,0,20.0,1.0,3.0,13.0,612.0,644.0,709.0,0.0,515.0,1,1,0,0,0,0,0,False,True,False,False,True,False,False,False,False,False,23
8483,0,22.0,1.0,3.0,2.0,517.0,544.0,530.0,0.0,745.0,1,1,0,1,0,0,1,False,True,False,False,False,False,True,False,False,False,19
8483,0,24.0,1.0,3.0,4.0,589.0,498.0,511.0,0.0,756.0,1,1,0,0,0,0,1,False,True,False,True,False,False,False,False,False,False,23
8483,0,25.0,1.0,3.0,2.0,555.0,403.0,588.0,0.0,741.0,1,1,0,1,0,0,0,False,True,False,True,False,False,False,False,False,False,19
8483,0,27.0,1.0,2.0,2.0,563.0,589.0,618.0,412.0,590.0,1,1,0,1,0,0,1,False,True,False,True,False,False,False,False,False,False,20
8483,0,28.0,1.0,2.0,4.0,598.0,603.0,677.0,551.0,528.0,1,1,0,0,0,0,1,False,True,False,True,False,False,False,False,False,False,19
8483,0,29.0,1.0,2.0,2.0,488.0,624.0,636.0,0.0,575.0,0,0,0,0,0,0,0,False,True,False,True,False,False,False,False,False,False,18
8483,0,32.0,2.0,2.0,5.0,555.0,620.0,559.0,0.0,605.0,1,1,0,0,0,0,1,False,True,False,True,False,False,False,False,False,False,19
8483,0,33.0,1.0,3.0,2.0,618.0,544.0,511.0,0.0,674.0,0,0,0,1,0,0,0,False,True,False,False,False,False,False,True,False,False,18
8483,0,35.0,1.0,2.0,2.0,589.0,544.0,552.0,0.0,632.0,1,1,0,1,0,0,1,False,True,False,True,False,False,False,False,False,False,20
8483,0,36.0,1.0,2.0,2.0,480.0,446.0,565.0,0.0,727.0,1,1,0,1,0,0,1,False,True,False,True,False,False,False,False,False,False,25
8483,0,38.0,1.0,2.0,3.0,524.0,560.0,537.0,0.0,657.0,1,1,0,0,0,0,1,False,True,False,True,False,False,False,False,False,False,18
8483,0,39.0,2.0,2.0,2.0,502.0,535.0,598.0,0.0,607.0,1,1,0,1,0,0,0,False,True,False,True,False,False,False,False,False,False,18
8483,0,40.0,1.0,3.0,2.0,618.0,512.0,559.0,0.0,627.0,1,0,0,1,0,0,0,False,True,False,True,False,False,False,False,False,False,21
8483,0,41.0,2.0,2.0,15.0,580.0,584.0,475.0,497.0,655.0,1,1,0,0,0,0,1,False,True,False,True,False,False,False,False,False,False,18
8483,0,42.0,4.0,2.0,2.0,628.0,594.0,588.0,0.0,534.0,1,1,0,1,0,0,0,False,True,False,True,False,False,False,False,False,False,22
8483,0,43.0,1.0,3.0,4.0,445.0,498.0,501.0,490.0,704.0,1,1,0,0,0,0,1,False,True,False,True,False,False,False,False,False,False,19
8483,0,44.0,2.0,3.0,2.0,539.0,584.0,501.0,0.0,647.0,1,1,0,1,0,0,1,False,True,False,False,False,False,False,False,True,False,26
8483,0,45.0,3.0,2.0,2.0,495.0,579.0,501.0,0.0,654.0,1,1,0,1,0,0,1,False,True,False,True,False,False,False,False,False,False,19
8483,0,46.0,2.0,3.0,2.0,572.0,627.0,571.0,0.0,534.0,1,1,0,0,0,0,0,False,True,False,True,False,False,False,False,False,False,20
8483,0,47.0,2.0,3.0,2.0,572.0,579.0,598.0,424.0,535.0,1,1,0,0,0,0,1,False,True,False,True,False,False,False,False,False,False,20
8483,0,50.0,3.0,2.0,13.0,555.0,627.0,565.0,0.0,523.0,1,1,0,0,0,0,1,False,True,False,True,False,False,False,False,False,False,20
8483,0,51.0,4.0,3.0,4.0,466.0,584.0,537.0,505.0,586.0,1,0,0,0,0,0,1,False,True,False,True,False,False,False,False,False,False,19
8483,0,52.0,4.0,3.0,2.0,517.0,446.0,537.0,0.0,637.0,0,0,0,1,0,0,0,False,True,False,True,False,False,False,False,False,False,19
8483,0,53.0,1.0,3.0,13.0,517.0,573.0,618.0,0.0,502.0,1,1,0,1,0,0,0,False,True,False,True,False,False,False,False,False,False,30
8483,0,54.0,1.0,2.0,2.0,589.0,573.0,565.0,0.0,523.0,0,0,0,1,0,0,0,False,True,False,True,False,False,False,False,False,False,23
8483,0,55.0,3.0,3.0,2.0,532.0,379.0,475.0,0.0,730.0,1,1,0,1,0,0,1,False,True,False,True,False,False,False,False,False,False,19
8483,0,56.0,5.0,3.0,2.0,572.0,465.0,463.0,0.0,658.0,1,1,0,0,0,0,1,False,True,False,False,False,False,False,False,True,False,18
8483,0,57.0,1.0,2.0,2.0,407.0,544.0,511.0,0.0,613.0,1,1,0,1,0,0,1,False,True,False,True,False,False,False,False,False,False,18
8483,0,58.0,1.0,2.0,2.0,466.0,544.0,588.0,0.0,534.0,1,1,0,1,0,0,1,False,True,False,True,False,False,False,False,False,False,19
8483,0,59.0,3.0,3.0,2.0,532.0,573.0,552.0,0.0,528.0,1,1,0,0,0,0,1,False,True,False,True,False,False,False,False,False,False,19
8483,0,61.0,1.0,2.0,2.0,502.0,446.0,565.0,0.0,579.0,1,1,0,1,0,0,1,False,True,False,True,False,False,False,False,False,False,18
8483,0,62.0,1.0,2.0,2.0,509.0,535.0,463.0,0.0,612.0,1,1,0,1,0,0,0,False,True,False,True,False,False,False,False,False,False,18
8483,0,63.0,1.0,2.0,1.0,555.0,635.0,488.0,0.0,528.0,1,1,0,0,0,0,0,False,True,False,True,False,False,False,False,False,False,18
8483,0,64.0,1.0,2.0,2.0,509.0,465.0,552.0,0.0,592.0,0,0,0,1,0,0,0,False,True,False,False,True,False,False,False,False,False,21
8483,0,65.0,1.0,3.0,2.0,517.0,481.0,523.0,0.0,601.0,1,0,0,0,0,0,0,False,True,False,False,False,False,False,True,False,False,20
8483,0,67.0,1.0,3.0,2.0,495.0,544.0,463.0,545.0,636.0,1,1,0,1,0,0,1,False,True,False,False,True,False,False,False,False,False,25
8483,0,70.0,1.0,2.0,2.0,488.0,560.0,552.0,0.0,523.0,1,0,0,1,0,0,1,False,True,False,True,False,False,False,False,False,False,28
8483,0,72.0,1.0,3.0,2.0,458.0,481.0,506.0,0.0,599.0,1,1,0,1,0,0,1,True,False,False,True,False,False,False,False,False,False,19
8453,2019,1.0,1.0,3.0,2.0,600.0,475.0,547.0,0.0,776.0,0,0,0,1,0,0,0,False,True,False,True,False,False,False,False,False,False,19
8453,2018,2.0,1.0,2.0,2.0,532.0,586.0,580.0,0.0,712.0,1,0,0,1,0,0,1,False,True,False,True,False,False,False,False,False,False,19
8453,2019,3.0,1.0,3.0,2.0,524.0,501.0,511.0,730.0,730.0,1,0,0,0,0,0,0,False,True,False,False,False,False,False,True,False,False,19
8453,2019,4.0,1.0,3.0,13.0,430.0,545.0,551.0,736.0,736.0,1,1,0,0,0,0,0,False,True,False,False,False,False,False,True,False,False,19
8453,2014,5.0,1.0,2.0,2.0,593.0,524.0,531.0,0.0,687.0,1,1,0,0,0,0,1,False,True,False,True,False,False,False,False,False,False,24
8453,2019,6.0,1.0,2.0,3.0,599.0,475.0,536.0,0.0,707.0,1,1,0,0,0,0,1,False,True,False,True,False,False,False,False,False,False,20
8453,2019,7.0,1.0,2.0,2.0,514.0,515.0,458.0,0.0,777.0,1,1,0,1,0,1,0,False,True,False,True,False,False,False,False,False,False,19
8453,2015,9.0,2.0,3.0,2.0,678.0,602.0,605.0,678.0,513.0,0,0,0,0,0,0,0,False,True,False,True,False,False,False,False,False,False,22
8453,2019,10.0,1.0,3.0,2.0,476.0,503.0,509.0,0.0,729.0,1,0,0,1,0,0,1,False,True,False,False,False,False,False,True,False,False,20
8453,2018,11.0,1.0,3.0,2.0,628.0,498.0,552.0,539.0,617.0,0,0,0,0,0,0,0,False,True,False,True,False,False,False,False,False,False,19
8453,2019,12.0,4.0,2.0,2.0,515.0,440.0,395.0,0.0,667.0,0,0,0,1,0,0,1,False,True,False,True,False,False,False,False,False,False,18
8453,2018,13.0,3.0,3.0,2.0,488.0,465.0,521.0,0.0,579.0,0,0,0,1,0,0,0,False,True,False,False,False,False,False,True,False,False,19
8103,2019,1.0,1.0,2.0,2.0,683.0,742.0,687.0,0.0,797.0,1,1,0,1,0,0,0,False,True,False,True,False,False,False,False,False,False,18
8103,2019,2.0,1.0,3.0,2.0,786.0,625.0,621.0,0.0,839.0,1,0,0,1,0,0,0,False,True,False,False,False,False,False,True,False,False,20
8103,2017,3.0,1.0,2.0,2.0,628.0,727.0,789.0,0.0,723.0,1,1,0,1,0,0,0,False,True,False,True,False,False,False,False,False,False,21
8103,2019,4.0,1.0,2.0,2.0,655.0,719.0,660.0,766.0,766.0,1,1,0,1,0,0,0,False,True,False,True,False,False,False,False,False,False,18
8103,2019,5.0,1.0,2.0,15.0,646.0,691.0,656.0,0.0,781.0,1,0,0,0,0,0,0,False,True,False,True,False,False,False,False,False,False,18
8103,2019,6.0,1.0,2.0,1.0,574.0,624.0,564.0,850.0,850.0,1,1,0,0,0,0,1,False,True,False,False,False,False,True,False,False,False,19
8103,2019,7.0,1.0,2.0,15.0,532.0,637.0,593.0,0.0,789.0,1,1,0,0,0,0,0,False,True,False,True,False,False,False,False,False,False,18
8103,2019,8.0,1.0,2.0,2.0,678.0,637.0,584.0,0.0,735.0,1,1,0,1,0,0,0,False,True,False,True,False,False,False,False,False,False,19
8103,2018,10.0,3.0,2.0,2.0,760.0,704.0,670.0,0.0,559.0,0,0,0,1,0,0,0,False,True,False,True,False,False,False,False,False,False,19
8103,2019,11.0,1.0,3.0,2.0,634.0,617.0,351.0,749.0,749.0,1,1,1,1,0,0,1,False,True,False,True,False,False,False,False,False,False,18
8103,2019,12.0,2.0,3.0,2.0,532.0,719.0,597.0,0.0,595.0,1,1,0,0,0,1,0,False,True,False,True,False,False,False,False,False,False,18
8103,2019,13.0,1.0,2.0,2.0,585.0,633.0,625.0,0.0,664.0,1,1,0,1,0,0,0,False,True,False,True,False,False,False,False,False,False,18
8103,2019,14.0,1.0,2.0,2.0,514.0,597.0,530.0,0.0,748.0,1,0,0,1,0,0,0,False,True,False,True,False,False,False,False,False,False,18
8103,2019,15.0,1.0,2.0,2.0,597.0,631.0,530.0,0.0,676.0,0,0,0,1,0,0,1,False,True,False,True,False,False,False,False,False,False,18
8103,2012,16.0,1.0,3.0,2.0,678.0,526.0,546.0,759.0,759.0,1,1,0,0,0,0,1,False,True,False,True,False,False,False,False,False,False,26
8103,2019,17.0,1.0,2.0,2.0,573.0,515.0,378.0,850.0,850.0,0,0,0,1,0,0,1,False,True,False,True,False,False,False,False,False,False,19
8103,2012,18.0,1.0,3.0,4.0,580.0,614.0,568.0,0.0,657.0,1,1,0,0,0,0,1,False,True,False,True,False,False,False,False,False,False,26
8103,2012,20.0,1.0,2.0,2.0,566.0,624.0,656.0,0.0,619.0,1,0,0,1,0,1,0,False,True,False,True,False,False,False,False,False,False,25
8103,2019,22.0,2.0,2.0,2.0,490.0,553.0,535.0,0.0,772.0,0,0,1,0,0,0,1,False,True,False,True,False,False,False,False,False,False,19
8103,2019,23.0,1.0,2.0,1.0,531.0,588.0,590.0,0.0,636.0,1,0,0,0,0,0,0,False,True,False,True,False,False,False,False,False,False,20
8103,2019,24.0,1.0,3.0,2.0,507.0,503.0,466.0,0.0,771.0,1,0,0,1,0,0,0,False,True,False,False,False,False,False,True,False,False,19
8103,2018,25.0,1.0,3.0,1.0,463.0,615.0,572.0,0.0,615.0,1,1,0,0,0,0,0,False,True,False,True,False,False,False,False,False,False,19
8103,2019,28.0,1.0,3.0,2.0,501.0,574.0,611.0,0.0,619.0,1,0,0,1,0,0,0,False,True,False,True,False,False,False,False,False,False,18
8103,2019,30.0,2.0,2.0,3.0,589.0,607.0,577.0,0.0,534.0,1,0,0,0,0,0,0,False,True,False,True,False,False,False,False,False,False,20
8103,2019,33.0,1.0,2.0,2.0,435.0,591.0,570.0,0.0,559.0,1,0,0,1,0,0,0,False,True,False,True,False,False,False,False,False,False,19
8103,2010,34.0,1.0,3.0,2.0,505.0,585.0,603.0,0.0,534.0,1,0,0,1,0,0,0,False,True,False,True,False,False,False,False,False,False,28
8103,2019,36.0,2.0,3.0,4.0,496.0,524.0,399.0,0.0,666.0,1,0,0,0,0,0,0,False,True,False,True,False,False,False,False,False,False,20
8103,2016,38.0,1.0,3.0,1.0,599.0,537.0,557.0,0.0,538.0,0,0,0,0,0,1,0,False,True,False,True,False,False,False,False,False,False,22
8103,2019,39.0,1.0,2.0,3.0,542.0,475.0,415.0,0.0,660.0,1,0,0,0,0,0,1,False,True,False,True,False,False,False,False,False,False,19
8103,2019,40.0,2.0,3.0,2.0,573.0,403.0,593.0,0.0,681.0,0,0,0,1,0,0,1,False,True,False,True,False,False,False,False,False,False,18
8103,2015,41.0,1.0,2.0,6.0,560.0,487.0,568.0,0.0,564.0,1,1,0,1,0,0,0,False,True,False,True,False,False,False,False,False,False,22
8103,2019,42.0,1.0,2.0,2.0,533.0,515.0,443.0,565.0,565.0,1,0,0,1,0,0,0,False,True,False,False,True,False,False,False,False,False,19
8103,2018,43.0,1.0,3.0,2.0,539.0,458.0,485.0,609.0,609.0,0,0,0,1,0,0,1,False,True,False,False,True,False,False,False,False,False,21
8103,2019,45.0,1.0,2.0,15.0,590.0,561.0,485.0,590.0,440.0,0,0,0,0,0,0,0,False,True,False,True,False,False,False,False,False,False,19
8853,2019,1.0,1.0,2.0,2.0,521.0,641.0,610.0,0.0,748.0,1,1,0,1,0,0,0,False,True,False,True,False,False,False,False,False,False,18
8853,2019,3.0,1.0,2.0,4.0,580.0,543.0,521.0,0.0,741.0,1,0,0,0,0,0,0,False,True,False,True,False,False,False,False,False,False,18
8853,2019,4.0,1.0,2.0,2.0,590.0,719.0,541.0,719.0,440.0,1,1,0,0,0,0,0,False,True,False,True,False,False,False,False,False,False,19
8853,2018,5.0,1.0,2.0,2.0,568.0,612.0,547.0,0.0,575.0,0,0,0,1,0,0,1,False,True,False,True,False,False,False,False,False,False,19
8853,2019,6.0,1.0,3.0,2.0,429.0,475.0,485.0,0.0,770.0,0,0,1,1,0,0,1,False,True,False,True,False,False,False,False,False,False,19
8853,2019,7.0,1.0,2.0,2.0,468.0,490.0,407.0,592.0,592.0,1,0,0,0,0,1,1,False,True,False,True,False,False,False,False,False,False,19
8843,2019,1.0,1.0,2.0,2.0,599.0,653.0,570.0,812.0,812.0,1,1,0,0,0,1,1,False,True,False,True,False,False,False,False,False,False,19
8843,2019,2.0,1.0,2.0,2.0,611.0,638.0,594.0,839.0,839.0,1,1,0,1,0,0,0,False,True,False,True,False,False,False,False,False,False,18
8843,2013,3.0,1.0,3.0,2.0,629.0,626.0,665.0,0.0,845.0,1,1,0,1,0,0,0,False,True,False,True,False,False,False,False,False,False,25
8843,2019,4.0,1.0,2.0,2.0,661.0,654.0,581.0,0.0,778.0,1,1,0,1,0,0,1,False,True,False,True,False,False,False,False,False,False,18
8843,2019,5.0,1.0,2.0,2.0,574.0,580.0,491.0,832.0,832.0,1,1,0,1,0,0,1,False,True,False,True,False,False,False,False,False,False,18
8843,2019,6.0,1.0,2.0,2.0,611.0,649.0,556.0,0.0,745.0,1,1,0,1,0,0,0,False,True,False,True,False,False,False,False,False,False,19
8843,2016,7.0,1.0,2.0,2.0,582.0,664.0,593.0,691.0,691.0,1,1,0,0,0,0,0,False,True,False,True,False,False,False,False,False,False,22
8843,2015,8.0,1.0,2.0,1.0,565.0,661.0,577.0,0.0,685.0,1,1,0,0,0,1,0,False,True,False,True,False,False,False,False,False,False,23
8843,2019,9.0,1.0,2.0,2.0,573.0,617.0,517.0,0.0,674.0,1,1,0,1,0,0,0,False,True,False,True,False,False,False,False,False,False,18
8843,2019,10.0,1.0,3.0,2.0,563.0,607.0,562.0,0.0,629.0,0,0,0,1,0,0,0,False,True,False,True,False,False,False,False,False,False,18
8843,2013,11.0,1.0,2.0,2.0,490.0,637.0,603.0,637.0,591.0,1,1,0,0,0,0,1,False,True,False,True,False,False,False,False,False,False,25
8843,2019,14.0,1.0,2.0,2.0,555.0,597.0,548.0,0.0,610.0,1,1,0,1,0,0,0,False,True,False,True,False,False,False,False,False,False,19
8843,2018,15.0,1.0,2.0,3.0,423.0,604.0,537.0,0.0,603.0,1,1,0,0,0,0,1,False,True,False,True,False,False,False,False,False,False,19
8843,2019,16.0,1.0,3.0,2.0,599.0,553.0,486.0,0.0,616.0,1,1,1,1,0,0,0,False,True,False,False,False,False,False,True,False,False,19
8843,2019,17.0,1.0,2.0,2.0,482.0,561.0,495.0,578.0,578.0,1,1,0,1,0,1,1,False,True,False,True,False,False,False,False,False,False,18
8843,2017,18.0,1.0,2.0,2.0,508.0,628.0,568.0,0.0,492.0,1,1,0,1,0,0,0,False,True,False,True,False,False,False,False,False,False,21
8843,2019,20.0,1.0,2.0,2.0,478.0,568.0,543.0,0.0,517.0,1,1,0,1,0,0,0,False,True,False,True,False,False,False,False,False,False,19
8293,2019,1.0,1.0,3.0,2.0,624.0,490.0,519.0,788.0,788.0,1,0,0,1,0,0,1,False,True,False,True,False,False,False,False,False,False,19
8293,2019,2.0,1.0,2.0,2.0,510.0,591.0,579.0,633.0,633.0,0,0,0,1,0,0,0,False,True,False,True,False,False,False,False,False,False,19
8293,2019,3.0,1.0,3.0,2.0,539.0,574.0,532.0,0.0,592.0,1,0,0,0,0,0,0,False,True,False,False,False,False,False,True,False,False,18
8293,2017,5.0,2.0,3.0,2.0,546.0,580.0,540.0,0.0,533.0,0,0,1,1,0,0,1,False,True,False,True,False,False,False,False,False,False,20
8293,2016,7.0,2.0,3.0,2.0,545.0,393.0,389.0,553.0,553.0,1,0,0,1,0,0,1,False,True,False,False,False,False,False,True,False,False,22
8483,2019,2.0,1.0,2.0,2.0,607.0,586.0,597.0,816.0,816.0,1,1,0,0,0,0,1,False,True,False,True,False,False,False,False,False,False,18
8483,2018,4.0,1.0,2.0,2.0,676.0,535.0,559.0,497.0,826.0,1,1,0,0,0,0,1,False,True,False,True,False,False,False,False,False,False,20
8483,2019,5.0,1.0,3.0,2.0,688.0,515.0,586.0,0.0,795.0,1,1,0,1,0,0,1,False,True,False,False,False,False,True,False,False,False,18
8483,2017,7.0,6.0,2.0,2.0,617.0,656.0,673.0,673.0,660.0,1,1,1,1,0,0,0,False,True,False,False,False,False,False,True,False,False,21
8483,2019,9.0,1.0,2.0,2.0,589.0,617.0,593.0,0.0,752.0,1,1,0,1,0,0,0,False,True,False,True,False,False,False,False,False,False,18
8483,2019,10.0,2.0,3.0,2.0,420.0,561.0,529.0,0.0,850.0,1,1,0,1,0,0,0,False,True,False,True,False,False,False,False,False,False,19
8483,2019,11.0,3.0,3.0,2.0,599.0,621.0,626.0,0.0,693.0,1,1,0,0,0,0,0,False,True,False,True,False,False,False,False,False,False,18
8483,2019,12.0,1.0,3.0,2.0,580.0,545.0,518.0,0.0,850.0,1,1,0,1,0,0,0,False,True,False,True,False,False,False,False,False,False,18
8483,2018,13.0,1.0,2.0,2.0,606.0,574.0,609.0,0.0,697.0,1,0,0,1,0,0,0,False,True,False,True,False,False,False,False,False,False,19
8483,2009,14.0,1.0,2.0,2.0,507.0,565.0,557.0,0.0,770.0,1,1,0,1,0,0,1,False,True,False,True,False,False,False,False,False,False,28
8483,2019,15.0,1.0,3.0,2.0,498.0,605.0,565.0,732.0,732.0,1,1,0,0,0,0,0,False,True,False,True,False,False,False,False,False,False,19
8483,2014,16.0,2.0,3.0,3.0,711.0,682.0,716.0,716.0,523.0,1,1,0,0,0,0,1,False,True,False,True,False,False,False,False,False,False,24
8483,2019,18.0,1.0,2.0,2.0,573.0,574.0,582.0,0.0,714.0,1,1,0,1,0,0,1,False,True,False,True,False,False,False,False,False,False,19
8483,2019,19.0,1.0,2.0,2.0,670.0,561.0,542.0,734.0,734.0,1,1,0,1,0,0,1,False,True,False,True,False,False,False,False,False,False,19
8483,2019,20.0,1.0,2.0,2.0,599.0,612.0,589.0,652.0,652.0,1,1,0,0,0,0,0,False,True,False,True,False,False,False,False,False,False,18
8483,2019,22.0,1.0,2.0,2.0,644.0,604.0,525.0,0.0,710.0,1,1,0,1,0,0,1,False,True,False,True,False,False,False,False,False,False,18
8483,2019,24.0,1.0,3.0,2.0,652.0,545.0,629.0,0.0,608.0,1,1,0,1,0,0,0,False,True,False,True,False,False,False,False,False,False,18
8483,2019,25.0,1.0,2.0,2.0,583.0,621.0,618.0,0.0,603.0,1,1,0,1,0,0,1,False,True,False,True,False,False,False,False,False,False,18
8483,2019,26.0,1.0,3.0,2.0,562.0,607.0,607.0,0.0,620.0,1,0,0,0,0,0,1,False,True,False,True,False,False,False,False,False,False,18
8483,2019,28.0,1.0,2.0,2.0,631.0,623.0,634.0,0.0,557.0,1,1,0,1,0,1,1,False,True,False,True,False,False,False,False,False,False,18
8483,2018,29.0,1.0,4.0,15.0,462.0,503.0,513.0,0.0,772.0,1,0,1,0,0,1,1,False,True,False,False,False,False,False,False,True,False,20
8483,2019,32.0,1.0,3.0,2.0,580.0,600.0,438.0,0.0,712.0,1,1,0,0,0,0,1,False,True,False,True,False,False,False,False,False,False,19
8483,2019,33.0,1.0,3.0,2.0,607.0,607.0,599.0,0.0,588.0,1,1,0,0,0,0,1,False,True,False,True,False,False,False,False,False,False,19
8483,2019,34.0,3.0,3.0,4.0,593.0,599.0,536.0,634.0,634.0,1,1,0,0,0,0,1,False,True,False,True,False,False,False,False,False,False,19
8483,2019,36.0,4.0,3.0,2.0,557.0,490.0,519.0,0.0,704.0,1,1,1,1,0,0,1,False,True,False,True,False,False,False,False,False,False,18
8483,2019,37.0,1.0,2.0,2.0,540.0,433.0,589.0,0.0,676.0,1,1,0,1,0,0,1,False,True,False,True,False,False,False,False,False,False,19
8483,2018,42.0,1.0,2.0,2.0,473.0,573.0,521.0,0.0,638.0,1,1,0,1,0,0,1,False,True,False,True,False,False,False,False,False,False,19
8483,2019,43.0,1.0,3.0,2.0,498.0,537.0,518.0,655.0,655.0,1,1,0,1,0,1,0,False,True,False,True,False,False,False,False,False,False,18
8483,2019,44.0,1.0,3.0,2.0,585.0,561.0,414.0,0.0,704.0,0,0,1,1,0,0,1,False,True,False,False,False,False,True,False,False,False,18
8483,2018,45.0,1.0,2.0,2.0,625.0,553.0,531.0,625.0,606.0,1,1,0,0,0,0,1,False,True,False,True,False,False,False,False,False,False,22
8483,2017,46.0,1.0,2.0,13.0,555.0,573.0,530.0,0.0,592.0,1,1,0,0,0,1,1,False,True,False,True,False,False,False,False,False,False,20
8483,2018,47.0,1.0,4.0,15.0,547.0,465.0,552.0,512.0,621.0,1,1,0,0,0,0,1,False,True,False,True,False,False,False,False,False,False,19
8483,2018,48.0,2.0,2.0,2.0,580.0,512.0,583.0,0.0,576.0,1,1,0,1,0,0,0,False,True,False,True,False,False,False,False,False,False,21
8483,2011,49.0,1.0,3.0,2.0,535.0,517.0,585.0,585.0,574.0,1,1,0,1,0,1,0,False,True,False,True,False,False,False,False,False,False,27
8483,2017,50.0,1.0,3.0,2.0,559.0,561.0,519.0,0.0,598.0,1,0,0,1,0,0,0,False,True,False,False,False,False,False,True,False,False,21
8483,2017,51.0,1.0,2.0,2.0,557.0,580.0,595.0,0.0,523.0,1,1,0,1,0,0,0,False,True,False,True,False,False,False,False,False,False,21
8483,2018,53.0,1.0,2.0,13.0,539.0,512.0,583.0,0.0,575.0,1,1,0,0,0,1,1,False,True,False,True,False,False,False,False,False,False,19
8483,2019,54.0,2.0,2.0,2.0,548.0,561.0,525.0,588.0,588.0,1,1,0,1,0,0,1,False,True,False,True,False,False,False,False,False,False,19
8483,2012,55.0,1.0,2.0,2.0,644.0,578.0,634.0,0.0,457.0,1,1,0,1,0,1,0,False,True,False,True,False,False,False,False,False,False,27
8483,2019,57.0,1.0,3.0,2.0,462.0,526.0,509.0,0.0,627.0,1,1,0,1,0,1,1,False,True,False,True,False,False,False,False,False,False,19
8483,2019,59.0,5.0,3.0,2.0,606.0,424.0,532.0,0.0,606.0,1,1,0,1,0,0,1,False,True,False,False,False,False,False,False,True,False,18
8483,2019,60.0,1.0,2.0,2.0,503.0,440.0,501.0,0.0,650.0,1,0,0,1,0,0,0,False,True,False,False,False,False,False,True,False,False,19
8483,2019,63.0,4.0,2.0,1.0,504.0,545.0,575.0,0.0,513.0,1,1,0,0,0,0,0,False,True,False,True,False,False,False,False,False,False,18
8483,2018,64.0,7.0,3.0,2.0,511.0,419.0,453.0,0.0,674.0,0,0,0,1,0,0,1,False,True,False,False,False,False,False,True,False,False,20
8483,2019,66.0,2.0,2.0,5.0,528.0,559.0,444.0,0.0,597.0,1,0,0,0,0,0,1,False,True,False,False,False,False,False,False,True,False,18
8483,2019,67.0,1.0,3.0,2.0,462.0,629.0,556.0,0.0,484.0,1,1,0,0,0,0,0,False,True,False,True,False,False,False,False,False,False,19
8483,2019,68.0,5.0,3.0,2.0,544.0,398.0,425.0,0.0,708.0,0,0,1,1,0,0,1,False,True,False,True,False,False,False,False,False,False,18
8483,2019,69.0,1.0,2.0,2.0,518.0,475.0,486.0,597.0,597.0,1,1,0,0,0,1,1,False,True,False,True,False,False,False,False,False,False,19
8483,2019,70.0,1.0,2.0,2.0,686.0,515.0,489.0,0.0,536.0,1,0,0,1,0,0,0,False,True,False,False,False,False,True,False,False,False,19
8483,2018,71.0,7.0,3.0,2.0,483.0,490.0,480.0,0.0,614.0,1,1,0,0,0,1,1,True,False,False,False,False,False,True,False,False,False,20
8483,2016,73.0,3.0,3.0,8.0,488.0,553.0,475.0,0.0,554.0,1,1,0,0,0,1,1,True,False,False,True,False,False,False,False,False,False,22
8483,2013,74.0,1.0,3.0,2.0,444.0,498.0,511.0,0.0,565.0,1,1,0,1,0,0,1,True,False,False,True,False,False,False,False,False,False,25
8453,0,1.0,1.0,2.0,2.0,440.0,475.0,378.0,500.0,795.0,1,1,0,0,0,0,0,False,True,False,True,False,False,False,False,False,False,18
8453,0,2.0,1.0,2.0,2.0,573.0,570.0,562.0,490.0,603.0,1,1,0,1,0,0,0,False,True,False,True,False,False,False,False,False,False,18
8453,0,3.0,1.0,2.0,2.0,383.0,568.0,430.0,0.0,738.0,0,0,0,0,0,0,1,False,True,False,False,False,False,False,True,False,False,20
8453,0,4.0,1.0,2.0,2.0,540.0,431.0,540.0,490.0,711.0,1,0,0,1,0,1,0,False,True,False,False,False,False,False,True,False,False,18
8453,0,6.0,1.0,2.0,2.0,486.0,464.0,404.0,0.0,619.0,0,0,0,1,0,0,0,False,True,False,False,False,False,False,True,False,False,19
8103,0,1.0,1.0,2.0,2.0,629.0,678.0,622.0,0.0,841.0,1,1,0,0,0,0,0,False,True,False,True,False,False,False,False,False,False,19
8103,0,2.0,1.0,3.0,2.0,556.0,658.0,630.0,0.0,850.0,1,1,0,1,0,0,0,False,True,False,True,False,False,False,False,False,False,18
8103,0,4.0,1.0,2.0,2.0,666.0,676.0,598.0,0.0,775.0,1,1,0,0,0,0,1,False,True,False,True,False,False,False,False,False,False,19
8103,0,5.0,1.0,3.0,2.0,551.0,620.0,602.0,0.0,815.0,1,0,0,1,0,0,0,False,True,False,True,False,False,False,False,False,False,18
8103,0,7.0,1.0,3.0,2.0,539.0,687.0,595.0,0.0,729.0,1,1,0,0,0,0,1,False,True,False,True,False,False,False,False,False,False,20
8103,0,8.0,1.0,2.0,2.0,530.0,606.0,524.0,0.0,804.0,1,1,0,1,0,0,1,False,True,False,True,False,False,False,False,False,False,18
8103,0,9.0,5.0,4.0,2.0,622.0,632.0,645.0,0.0,707.0,1,1,0,1,0,0,1,False,True,False,True,False,False,False,False,False,False,19
8103,0,10.0,1.0,2.0,2.0,658.0,651.0,592.0,0.0,684.0,1,0,0,1,0,0,0,False,True,False,False,False,False,False,True,False,False,19
8103,0,12.0,1.0,3.0,13.0,609.0,603.0,558.0,0.0,803.0,1,1,0,0,0,0,0,False,True,False,False,True,False,False,False,False,False,23
8103,0,13.0,1.0,3.0,2.0,546.0,671.0,618.0,0.0,668.0,1,1,0,1,0,0,1,False,True,False,True,False,False,False,False,False,False,19
8103,0,14.0,1.0,3.0,2.0,430.0,606.0,563.0,0.0,806.0,0,0,0,1,0,0,1,False,True,False,True,False,False,False,False,False,False,18
8103,0,15.0,1.0,4.0,2.0,579.0,633.0,611.0,0.0,697.0,1,1,0,1,0,0,1,False,True,False,True,False,False,False,False,False,False,20
8103,0,16.0,1.0,2.0,2.0,573.0,577.0,466.0,0.0,798.0,1,1,0,1,0,0,1,False,True,False,False,False,False,True,False,False,False,19
8103,0,17.0,1.0,3.0,2.0,461.0,570.0,597.0,500.0,812.0,1,1,0,1,0,0,0,False,True,False,True,False,False,False,False,False,False,19
8103,0,18.0,3.0,3.0,2.0,530.0,600.0,609.0,0.0,712.0,1,1,0,1,0,0,1,False,True,False,True,False,False,False,False,False,False,18
8103,0,19.0,2.0,2.0,2.0,500.0,660.0,582.0,0.0,664.0,1,1,0,0,0,1,0,False,True,False,True,False,False,False,False,False,False,19
8103,0,21.0,1.0,2.0,2.0,556.0,580.0,577.0,624.0,710.0,1,0,0,1,0,0,0,False,True,False,True,False,False,False,False,False,False,19
8103,0,22.0,2.0,3.0,2.0,551.0,616.0,542.0,0.0,678.0,1,0,0,1,0,0,0,False,True,False,True,False,False,False,False,False,False,19
8103,0,23.0,1.0,3.0,2.0,540.0,555.0,515.0,0.0,759.0,1,1,0,1,0,0,1,False,True,False,True,False,False,False,False,False,False,19
8103,0,24.0,1.0,2.0,2.0,471.0,616.0,481.0,0.0,707.0,1,1,0,1,0,0,0,False,True,False,True,False,False,False,False,False,False,19
8103,0,25.0,1.0,3.0,15.0,540.0,600.0,597.0,324.0,665.0,1,1,0,0,0,0,0,False,True,False,True,False,False,False,False,False,False,18
8103,0,27.0,2.0,3.0,1.0,530.0,620.0,638.0,0.0,619.0,1,0,0,0,0,0,0,False,True,False,True,False,False,False,False,False,False,18
8103,0,28.0,1.0,3.0,2.0,490.0,563.0,437.0,534.0,727.0,1,0,0,0,0,0,1,False,True,False,True,False,False,False,False,False,False,19
8103,0,29.0,2.0,3.0,2.0,515.0,592.0,343.0,505.0,719.0,1,0,0,1,0,0,1,False,True,False,False,False,False,True,False,False,False,18
8103,0,30.0,1.0,2.0,14.0,500.0,555.0,403.0,0.0,710.0,1,0,0,0,0,0,1,False,True,False,True,False,False,False,False,False,False,20
8103,0,32.0,1.0,2.0,2.0,520.0,475.0,524.0,479.0,731.0,1,1,0,1,0,0,0,False,True,False,True,False,False,False,False,False,False,19
8103,0,35.0,1.0,3.0,2.0,420.0,563.0,363.0,0.0,684.0,1,1,0,1,0,0,1,False,True,False,True,False,False,False,False,False,False,19
8103,0,36.0,1.0,2.0,14.0,466.0,559.0,482.0,0.0,606.0,1,0,0,0,0,0,0,False,True,False,True,False,False,False,False,False,False,19
8103,0,38.0,1.0,3.0,2.0,533.0,530.0,534.0,0.0,593.0,0,0,0,1,0,0,0,False,True,False,True,False,False,False,False,False,False,19
8103,0,41.0,1.0,3.0,2.0,476.0,443.0,469.0,485.0,641.0,0,0,0,1,0,0,0,False,True,False,False,False,False,False,True,False,False,19
8103,0,42.0,2.0,2.0,4.0,536.0,498.0,150.0,0.0,631.0,1,1,0,0,0,1,1,False,True,False,False,False,False,False,True,False,False,19
8103,0,43.0,1.0,3.0,2.0,546.0,501.0,516.0,538.0,495.0,1,0,0,1,0,0,0,False,True,False,True,False,False,False,False,False,False,19
8853,0,2.0,1.0,3.0,2.0,567.0,567.0,375.0,572.0,648.0,1,1,0,1,0,0,0,False,True,False,True,False,False,False,False,False,False,18
8843,0,1.0,1.0,3.0,2.0,643.0,720.0,662.0,0.0,840.0,1,1,0,1,0,0,0,False,True,False,True,False,False,False,False,False,False,18
8843,0,2.0,1.0,3.0,2.0,636.0,658.0,605.0,0.0,722.0,1,1,0,1,0,0,1,False,True,False,True,False,False,False,False,False,False,18
8843,0,3.0,1.0,3.0,2.0,651.0,603.0,543.0,0.0,769.0,0,0,0,1,0,0,1,False,True,False,True,False,False,False,False,False,False,19
8843,0,4.0,1.0,3.0,2.0,602.0,563.0,515.0,445.0,810.0,1,1,0,1,0,0,1,False,True,False,True,False,False,False,False,False,False,19
8843,0,5.0,1.0,2.0,2.0,596.0,555.0,570.0,0.0,742.0,0,0,0,0,0,0,1,False,True,False,True,False,False,False,False,False,False,19
8843,0,8.0,1.0,4.0,2.0,546.0,653.0,564.0,0.0,528.0,1,0,0,1,0,0,0,False,True,False,True,False,False,False,False,False,False,23
8293,0,2.0,1.0,3.0,2.0,579.0,603.0,580.0,0.0,777.0,1,1,0,1,0,0,0,False,True,False,True,False,False,False,False,False,False,18
8293,0,5.0,2.0,3.0,2.0,505.0,529.0,503.0,0.0,517.0,1,1,0,1,0,0,1,False,True,False,True,False,False,False,False,False,False,20
8293,0,6.0,2.0,3.0,2.0,510.0,535.0,503.0,0.0,506.0,1,1,0,1,0,0,0,False,True,False,True,False,False,False,False,False,False,19
8483,0,1.0,1.0,2.0,2.0,745.0,662.0,648.0,538.0,844.0,1,1,0,0,0,0,1,False,True,False,True,False,False,False,False,False,False,18
8483,0,2.0,1.0,4.0,2.0,753.0,699.0,708.0,0.0,694.0,1,1,0,1,0,0,0,False,True,False,True,False,False,False,False,False,False,20
8483,0,3.0,1.0,3.0,4.0,505.0,613.0,636.0,0.0,850.0,1,1,0,0,0,0,1,False,True,False,True,False,False,False,False,False,False,19
8483,0,4.0,3.0,3.0,2.0,466.0,622.0,727.0,0.0,728.0,1,1,0,1,0,0,0,False,True,False,True,False,False,False,False,False,False,18
8483,0,5.0,1.0,3.0,2.0,673.0,664.0,637.0,0.0,739.0,1,1,0,1,0,0,1,False,True,False,True,False,False,False,False,False,False,19
8483,0,6.0,1.0,2.0,2.0,515.0,559.0,613.0,0.0,850.0,1,1,1,1,0,0,1,False,True,False,True,False,False,False,False,False,False,18
8483,0,7.0,1.0,3.0,2.0,609.0,613.0,658.0,0.0,727.0,1,1,0,1,0,0,0,False,True,False,True,False,False,False,False,False,False,19
8483,0,9.0,4.0,4.0,1.0,596.0,660.0,615.0,0.0,690.0,1,1,0,0,0,0,0,False,True,False,True,False,False,False,False,False,False,18
8483,0,10.0,1.0,2.0,2.0,430.0,545.0,532.0,479.0,836.0,1,1,1,0,0,0,1,False,True,False,True,False,False,False,False,False,False,19
8483,0,12.0,1.0,3.0,2.0,666.0,567.0,600.0,0.0,702.0,1,0,0,1,0,0,0,False,True,False,True,False,False,False,False,False,False,19
8483,0,14.0,1.0,3.0,4.0,579.0,691.0,658.0,0.0,602.0,0,0,0,0,0,1,0,False,True,False,True,False,False,False,False,False,False,23
8483,0,15.0,1.0,3.0,2.0,562.0,523.0,581.0,0.0,764.0,1,1,0,1,0,0,1,False,True,False,True,False,False,False,False,False,False,18
8483,0,17.0,1.0,4.0,2.0,562.0,606.0,666.0,0.0,631.0,1,1,0,1,0,0,0,False,True,False,True,False,False,False,False,False,False,20
8483,0,18.0,2.0,3.0,3.0,602.0,620.0,590.0,684.0,671.0,1,1,0,0,0,0,0,False,True,False,True,False,False,False,False,False,False,31
8483,0,20.0,1.0,3.0,2.0,556.0,580.0,533.0,0.0,743.0,1,1,0,1,0,0,1,False,True,False,True,False,False,False,False,False,False,19
8483,0,22.0,1.0,4.0,2.0,609.0,632.0,606.0,0.0,615.0,1,0,0,1,0,0,0,False,True,False,True,False,False,False,False,False,False,22
8483,0,23.0,6.0,2.0,2.0,596.0,583.0,621.0,0.0,638.0,1,1,0,0,0,0,0,False,True,False,True,False,False,False,False,False,False,18
8483,0,24.0,1.0,3.0,2.0,615.0,638.0,604.0,0.0,612.0,1,1,0,1,0,0,1,False,True,False,True,False,False,False,False,False,False,19
8483,0,25.0,2.0,4.0,4.0,609.0,645.0,613.0,0.0,594.0,1,1,0,0,0,0,0,False,True,False,True,False,False,False,False,False,False,19
8483,0,27.0,2.0,2.0,2.0,540.0,493.0,544.0,490.0,754.0,1,1,0,0,0,0,1,False,True,False,False,False,False,False,True,False,False,22
8483,0,30.0,1.0,3.0,2.0,525.0,592.0,594.0,0.0,633.0,1,1,0,1,0,0,0,False,True,False,False,False,False,False,True,False,False,25
8483,0,31.0,2.0,3.0,2.0,556.0,567.0,567.0,520.0,656.0,0,0,0,1,0,0,1,False,True,False,True,False,False,False,False,False,False,19
8483,0,32.0,2.0,3.0,3.0,602.0,509.0,554.0,0.0,678.0,1,1,0,0,0,0,1,False,True,False,True,False,False,False,False,False,False,18
8483,0,33.0,1.0,2.0,4.0,399.0,555.0,554.0,432.0,708.0,1,1,0,0,0,0,1,False,True,False,True,False,False,False,False,False,False,19
8483,0,35.0,3.0,3.0,4.0,530.0,625.0,636.0,0.0,565.0,1,1,0,0,0,0,0,False,True,False,True,False,False,False,False,False,False,20
8483,0,36.0,1.0,3.0,2.0,481.0,563.0,505.0,0.0,709.0,1,1,0,1,0,0,1,False,True,False,True,False,False,False,False,False,False,19
8483,0,37.0,2.0,3.0,4.0,596.0,523.0,485.0,468.0,713.0,1,0,0,0,0,0,0,False,True,False,True,False,False,False,False,False,False,19
8483,0,39.0,1.0,3.0,16.0,556.0,567.0,589.0,0.0,565.0,1,1,0,0,0,0,1,False,True,False,True,False,False,False,False,False,False,19
8483,0,40.0,1.0,4.0,2.0,551.0,475.0,555.0,0.0,629.0,1,1,0,0,0,0,1,False,True,False,True,False,False,False,False,False,False,19
8483,0,42.0,2.0,4.0,2.0,500.0,545.0,596.0,0.0,570.0,0,0,0,1,0,0,0,False,True,False,True,False,False,False,False,False,False,19
8483,0,43.0,1.0,3.0,2.0,525.0,550.0,524.0,0.0,637.0,0,0,0,0,0,0,0,False,True,False,True,False,False,False,False,False,False,18
8483,0,44.0,1.0,3.0,2.0,471.0,545.0,528.0,0.0,637.0,1,0,0,1,0,0,0,False,True,False,True,False,False,False,False,False,False,18
8483,0,49.0,2.0,3.0,2.0,579.0,567.0,489.0,0.0,592.0,1,1,0,1,0,0,1,False,True,False,True,False,False,False,False,False,False,19
8483,0,50.0,4.0,2.0,3.0,490.0,454.0,408.0,0.0,736.0,1,0,0,0,0,0,1,False,True,False,True,False,False,False,False,False,False,18
8483,0,52.0,1.0,3.0,2.0,520.0,493.0,532.0,0.0,598.0,1,0,0,1,0,0,1,False,True,False,True,False,False,False,False,False,False,18
8483,0,54.0,1.0,3.0,1.0,551.0,493.0,548.0,405.0,570.0,1,1,0,0,0,0,1,False,True,False,True,False,False,False,False,False,False,20
8483,0,56.0,2.0,4.0,2.0,447.0,568.0,551.0,0.0,555.0,1,1,0,0,0,0,1,False,True,False,True,False,False,False,False,False,False,20
8483,0,57.0,1.0,3.0,2.0,535.0,574.0,489.0,538.0,569.0,1,1,0,1,0,0,0,False,True,False,True,False,False,False,False,False,False,21
8483,0,58.0,1.0,3.0,2.0,525.0,484.0,465.0,0.0,650.0,1,0,0,1,0,0,1,False,True,False,True,False,False,False,False,False,False,19
8483,0,59.0,4.0,3.0,2.0,515.0,501.0,434.0,0.0,673.0,1,1,0,1,0,0,1,False,True,False,True,False,False,False,False,False,False,19
8483,0,60.0,2.0,3.0,2.0,425.0,550.0,524.0,0.0,579.0,1,0,0,1,0,0,1,False,True,False,True,False,False,False,False,False,False,19
8483,0,61.0,1.0,3.0,2.0,579.0,419.0,514.0,0.0,623.0,1,1,1,1,0,0,1,False,True,False,True,False,False,False,False,False,False,24
8483,0,62.0,1.0,3.0,2.0,476.0,574.0,567.0,0.0,513.0,1,1,0,0,0,0,1,False,True,False,True,False,False,False,False,False,False,18
8483,0,64.0,1.0,3.0,2.0,636.0,550.0,541.0,0.0,502.0,1,1,0,1,0,0,0,False,True,False,True,False,False,False,False,False,False,21
8483,0,65.0,1.0,3.0,1.0,540.0,448.0,499.0,500.0,604.0,1,1,0,0,0,1,1,False,True,False,True,False,False,False,False,False,False,19
8483,0,66.0,7.0,2.0,2.0,615.0,509.0,528.0,0.0,519.0,1,1,0,1,0,0,1,False,True,False,False,False,False,True,False,False,False,43
8483,0,67.0,1.0,3.0,15.0,562.0,555.0,567.0,0.0,472.0,1,1,0,0,0,0,0,False,True,False,True,False,False,False,False,False,False,26
8483,0,69.0,5.0,3.0,2.0,596.0,611.0,562.0,391.0,435.0,1,1,0,1,0,0,0,False,True,False,True,False,False,False,False,False,False,19
8483,0,70.0,1.0,2.0,2.0,486.0,516.0,501.0,0.0,544.0,1,1,0,0,0,0,1,False,True,False,True,False,False,False,False,False,False,19
8483,0,71.0,1.0,3.0,2.0,573.0,589.0,596.0,0.0,413.0,1,0,0,1,0,0,1,False,True,False,True,False,False,False,False,False,False,29
8483,0,72.0,2.0,2.0,2.0,590.0,419.0,489.0,538.0,590.0,1,0,0,1,0,0,1,False,True,False,False,False,False,False,False,True,False,20
8483,0,73.0,1.0,3.0,2.0,424.0,503.0,494.0,0.0,568.0,1,0,0,0,0,0,0,False,True,False,True,False,False,False,False,False,False,19
8483,0,74.0,2.0,3.0,2.0,556.0,516.0,537.0,0.0,490.0,1,1,0,1,0,1,1,False,True,False,True,False,False,False,False,False,False,18
8483,0,77.0,1.0,2.0,2.0,440.0,545.0,435.0,432.0,584.0,1,0,0,0,0,0,1,False,True,False,False,False,False,False,True,False,False,18
8483,0,78.0,1.0,3.0,2.0,562.0,523.0,539.0,0.0,473.0,1,1,0,1,0,0,1,False,True,False,True,False,False,False,False,False,False,20
8483,0,79.0,1.0,2.0,2.0,505.0,574.0,524.0,0.0,473.0,1,1,0,0,0,0,1,False,True,False,True,False,False,False,False,False,False,20
8483,0,84.0,2.0,2.0,2.0,540.0,493.0,513.0,0.0,497.0,1,0,0,1,0,0,0,False,True,False,False,False,False,False,False,True,False,18
8483,0,85.0,3.0,2.0,2.0,530.0,431.0,491.0,0.0,539.0,1,0,0,0,0,1,1,False,True,False,False,False,False,False,True,False,False,20
8453,0,1.0,1.0,5.0,2.0,579.0,611.0,660.0,0.0,761.0,1,0,0,1,0,0,0,False,True,False,True,False,False,False,False,False,False,19
8453,0,2.0,1.0,5.0,2.0,478.0,422.0,370.0,0.0,850.0,1,0,0,0,1,0,1,False,True,False,True,False,False,False,False,False,False,19
8453,0,3.0,1.0,5.0,2.0,507.0,422.0,438.0,491.0,807.0,1,0,0,0,1,0,0,False,True,False,False,False,False,False,True,False,False,18
8453,0,4.0,1.0,5.0,2.0,589.0,456.0,474.0,0.0,787.0,1,0,0,1,1,0,1,False,True,False,True,False,False,False,False,False,False,19
8453,0,8.0,1.0,5.0,2.0,545.0,466.0,458.0,0.0,700.0,1,0,0,1,0,0,0,False,True,False,True,False,False,False,False,False,False,21
8453,0,11.0,1.0,5.0,2.0,521.0,409.0,446.0,0.0,641.0,1,0,0,1,1,1,1,False,True,False,False,False,False,False,True,False,False,19
8103,0,1.0,1.0,5.0,2.0,707.0,801.0,729.0,0.0,842.0,1,0,0,1,0,0,0,False,True,False,True,False,False,False,False,False,False,19
8103,0,2.0,1.0,5.0,2.0,715.0,748.0,696.0,0.0,824.0,1,0,0,1,1,0,0,False,True,False,True,False,False,False,False,False,False,19
8103,0,4.0,1.0,5.0,2.0,584.0,678.0,634.0,0.0,828.0,1,0,0,1,0,0,0,False,True,False,True,False,False,False,False,False,False,19
8103,0,6.0,1.0,5.0,1.0,559.0,599.0,550.0,0.0,814.0,1,0,0,0,0,1,1,False,True,False,True,False,False,False,False,False,False,19
8103,0,7.0,1.0,5.0,2.0,653.0,501.0,519.0,0.0,850.0,1,0,0,0,1,1,1,False,True,False,True,False,False,False,False,False,False,19
8103,0,8.0,1.0,5.0,2.0,622.0,592.0,571.0,0.0,781.0,1,0,0,1,0,0,1,False,True,False,True,False,False,False,False,False,False,19
8103,0,9.0,1.0,5.0,2.0,617.0,664.0,638.0,0.0,715.0,1,0,0,0,0,0,0,False,True,False,True,False,False,False,False,False,False,19
8103,0,12.0,1.0,5.0,2.0,554.0,635.0,615.0,0.0,691.0,1,0,0,1,0,0,1,False,True,False,True,False,False,False,False,False,False,20
8103,0,14.0,1.0,5.0,2.0,574.0,614.0,546.0,0.0,696.0,1,0,0,0,0,0,1,False,True,False,True,False,False,False,False,False,False,18
8103,0,16.0,1.0,5.0,2.0,502.0,555.0,564.0,0.0,737.0,1,0,0,1,0,0,0,False,True,False,True,False,False,False,False,False,False,18
8103,0,17.0,1.0,5.0,2.0,550.0,564.0,557.0,0.0,707.0,0,0,0,1,1,0,1,False,True,False,True,False,False,False,False,False,False,20
8103,0,18.0,1.0,5.0,2.0,458.0,529.0,513.0,0.0,767.0,0,0,0,1,0,0,1,False,True,False,True,False,False,False,False,False,False,18
8103,0,19.0,3.0,5.0,1.0,640.0,683.0,595.0,0.0,575.0,1,1,0,0,0,0,1,False,True,False,True,False,False,False,False,False,False,23
8103,0,21.0,1.0,5.0,2.0,530.0,535.0,533.0,0.0,718.0,1,0,0,1,0,0,0,False,True,False,True,False,False,False,False,False,False,20
8103,0,22.0,1.0,5.0,2.0,453.0,535.0,550.0,0.0,708.0,1,0,0,1,0,0,1,False,True,False,True,False,False,False,False,False,False,20
8103,0,24.0,3.0,5.0,2.0,530.0,593.0,437.0,570.0,655.0,1,0,0,0,1,1,0,False,True,False,True,False,False,False,False,False,False,19
8103,0,26.0,1.0,5.0,2.0,483.0,476.0,449.0,0.0,714.0,1,0,0,1,1,0,0,False,True,False,False,False,False,True,False,False,False,19
8103,0,28.0,1.0,5.0,2.0,486.0,484.0,492.0,0.0,630.0,1,0,0,1,0,0,0,False,True,False,True,False,False,False,False,False,False,20
8103,0,30.0,1.0,5.0,2.0,516.0,466.0,440.0,0.0,641.0,1,0,0,1,0,0,0,False,True,False,False,False,False,False,True,False,False,19
8103,0,31.0,1.0,5.0,2.0,516.0,516.0,478.0,0.0,569.0,0,0,0,1,1,0,1,False,True,False,False,False,False,True,False,False,False,20
8103,0,34.0,1.0,5.0,2.0,545.0,529.0,527.0,0.0,489.0,0,0,0,1,0,0,0,False,True,False,False,False,False,True,False,False,False,23
8843,0,1.0,1.0,5.0,2.0,734.0,674.0,600.0,595.0,798.0,1,1,0,1,0,0,1,False,True,False,True,False,False,False,False,False,False,28
8843,0,3.0,1.0,5.0,2.0,611.0,605.0,549.0,633.0,782.0,1,0,0,1,0,0,1,False,True,False,True,False,False,False,False,False,False,18
8843,0,4.0,1.0,5.0,2.0,684.0,724.0,630.0,0.0,682.0,1,0,0,1,0,0,0,False,True,False,True,False,False,False,False,False,False,20
8843,0,7.0,1.0,5.0,2.0,623.0,627.0,588.0,0.0,718.0,1,0,0,0,1,1,0,False,True,False,True,False,False,False,False,False,False,19
8843,0,9.0,1.0,5.0,4.0,468.0,516.0,503.0,0.0,750.0,1,0,0,0,0,0,1,False,True,False,True,False,False,False,False,False,False,19
8843,0,10.0,1.0,5.0,2.0,511.0,632.0,535.0,442.0,667.0,1,0,0,0,0,0,0,False,True,False,True,False,False,False,False,False,False,24
8843,0,11.0,1.0,5.0,2.0,461.0,611.0,485.0,0.0,680.0,1,0,0,0,1,1,1,False,True,False,True,False,False,False,False,False,False,19
8843,0,12.0,1.0,5.0,3.0,545.0,568.0,513.0,479.0,632.0,1,0,0,0,0,0,0,False,True,False,True,False,False,False,False,False,False,19
8843,0,13.0,1.0,5.0,2.0,521.0,456.0,542.0,0.0,687.0,1,0,0,0,0,1,1,False,True,False,True,False,False,False,False,False,False,18
8843,0,15.0,4.0,5.0,13.0,515.0,484.0,454.0,0.0,484.0,1,0,0,1,1,0,0,False,True,False,True,False,False,False,False,False,False,21
8293,0,1.0,1.0,5.0,2.0,559.0,476.0,542.0,497.0,789.0,1,0,0,0,0,0,1,False,True,False,True,False,False,False,False,False,False,19
8293,0,6.0,1.0,5.0,2.0,550.0,535.0,534.0,485.0,556.0,1,0,0,0,0,1,0,False,True,False,True,False,False,False,False,False,False,18
8483,0,1.0,1.0,5.0,2.0,793.0,695.0,675.0,647.0,759.0,1,0,0,1,1,0,1,False,True,False,True,False,False,False,False,False,False,18
8483,0,2.0,1.0,5.0,2.0,615.0,669.0,714.0,0.0,850.0,1,0,0,0,0,0,1,False,True,False,True,False,False,False,False,False,False,20
8483,0,3.0,1.0,5.0,2.0,640.0,674.0,709.0,623.0,778.0,1,0,0,1,0,0,1,False,True,False,True,False,False,False,False,False,False,22
8483,0,4.0,1.0,5.0,2.0,725.0,627.0,576.0,570.0,828.0,1,0,0,0,0,0,1,False,True,False,True,False,False,False,False,False,False,20
8483,0,5.0,1.0,5.0,1.0,569.0,586.0,616.0,0.0,848.0,1,0,0,0,1,1,0,False,True,False,True,False,False,False,False,False,False,18
8483,0,6.0,1.0,5.0,2.0,602.0,570.0,610.0,0.0,850.0,1,0,0,1,1,0,1,False,True,False,True,False,False,False,False,False,False,20
8483,0,7.0,1.0,5.0,1.0,595.0,516.0,579.0,0.0,839.0,1,0,0,0,0,0,1,False,True,False,True,False,False,False,False,False,False,18
8483,0,8.0,1.0,5.0,2.0,595.0,602.0,565.0,0.0,795.0,1,0,0,1,0,0,0,False,True,False,True,False,False,False,False,False,False,19
8483,0,9.0,1.0,5.0,2.0,595.0,576.0,536.0,433.0,838.0,1,0,0,0,1,0,1,False,True,False,True,False,False,False,False,False,False,18
8483,0,10.0,1.0,5.0,4.0,550.0,555.0,604.0,0.0,813.0,1,0,0,0,0,0,1,False,True,False,True,False,False,False,False,False,False,18
8483,0,12.0,1.0,5.0,2.0,535.0,649.0,629.0,0.0,668.0,1,0,0,1,0,0,0,False,True,False,True,False,False,False,False,False,False,20
8483,0,13.0,8.0,5.0,1.0,559.0,535.0,518.0,538.0,770.0,1,0,0,0,1,0,1,False,True,False,True,False,False,False,False,False,False,18
8483,0,14.0,1.0,5.0,2.0,502.0,572.0,557.0,0.0,762.0,1,0,0,0,0,0,1,False,True,False,True,False,False,False,False,False,False,20
8483,0,16.0,1.0,5.0,4.0,492.0,546.0,460.0,0.0,850.0,1,0,0,0,1,0,0,False,True,False,True,False,False,False,False,False,False,18
8483,0,17.0,2.0,5.0,2.0,502.0,535.0,548.0,547.0,774.0,1,0,0,1,1,1,0,False,True,False,True,False,False,False,False,False,False,19
8483,0,18.0,1.0,5.0,2.0,515.0,613.0,645.0,0.0,673.0,1,0,0,1,0,0,0,False,True,False,True,False,False,False,False,False,False,20
8483,0,19.0,3.0,5.0,4.0,526.0,396.0,565.0,491.0,823.0,1,0,0,0,0,0,1,False,True,False,True,False,False,False,False,False,False,18
8483,0,20.0,1.0,5.0,2.0,554.0,596.0,535.0,0.0,710.0,0,0,0,1,0,1,1,False,True,False,False,False,False,False,True,False,False,24
8483,0,22.0,1.0,5.0,2.0,478.0,568.0,531.0,0.0,754.0,1,0,0,0,1,0,0,False,True,False,True,False,False,False,False,False,False,18
8483,0,24.0,1.0,5.0,2.0,611.0,599.0,576.0,0.0,624.0,1,0,0,0,0,0,0,False,True,False,True,False,False,False,False,False,False,19
8483,0,25.0,1.0,5.0,1.0,579.0,681.0,677.0,0.0,534.0,1,0,0,0,0,1,0,False,True,False,True,False,False,False,False,False,False,23
8483,0,26.0,1.0,5.0,2.0,564.0,608.0,642.0,0.0,608.0,1,0,0,0,0,0,0,False,True,False,True,False,False,False,False,False,False,19
8483,0,27.0,1.0,5.0,2.0,559.0,476.0,613.0,0.0,690.0,0,0,0,0,1,1,1,False,True,False,True,False,False,False,False,False,False,18
8483,0,28.0,2.0,5.0,2.0,584.0,454.0,524.0,0.0,717.0,1,0,0,0,1,0,0,False,True,False,True,False,False,False,False,False,False,20
8483,0,29.0,1.0,5.0,2.0,589.0,572.0,499.0,0.0,676.0,1,0,0,0,0,0,0,False,True,False,True,False,False,False,False,False,False,19
8483,0,30.0,1.0,5.0,2.0,468.0,540.0,465.0,0.0,762.0,1,0,0,1,0,0,1,False,True,False,False,False,False,True,False,False,False,19
8483,0,31.0,2.0,5.0,2.0,600.0,586.0,649.0,0.0,560.0,1,0,0,1,0,0,0,False,True,False,True,False,False,False,False,False,False,19
8483,0,32.0,1.0,5.0,2.0,540.0,456.0,468.0,0.0,762.0,1,0,0,1,0,0,1,False,True,False,False,False,False,False,False,True,False,19
8483,0,33.0,1.0,5.0,2.0,554.0,501.0,552.0,0.0,688.0,1,0,0,0,0,0,1,False,True,False,True,False,False,False,False,False,False,18
8483,0,35.0,2.0,5.0,2.0,372.0,529.0,444.0,0.0,792.0,1,0,0,1,0,0,1,False,True,False,True,False,False,False,False,False,False,19
8483,0,36.0,1.0,5.0,2.0,569.0,546.0,542.0,0.0,632.0,1,0,0,1,0,0,1,False,True,False,True,False,False,False,False,False,False,19
8483,0,37.0,5.0,5.0,2.0,611.0,523.0,525.0,0.0,640.0,0,0,0,1,0,0,1,False,True,False,True,False,False,False,False,False,False,21
8483,0,38.0,1.0,5.0,2.0,476.0,618.0,574.0,0.0,608.0,1,0,0,0,0,1,1,False,True,False,True,False,False,False,False,False,False,19
8483,0,39.0,1.0,5.0,2.0,417.0,369.0,552.0,0.0,770.0,1,0,0,1,0,0,1,False,True,False,False,False,False,True,False,False,False,20
8483,0,40.0,1.0,5.0,4.0,502.0,546.0,605.0,0.0,603.0,1,0,0,0,0,0,1,False,True,False,False,False,False,True,False,False,False,23
8483,0,41.0,6.0,5.0,2.0,502.0,409.0,474.0,0.0,719.0,1,0,0,0,0,0,1,False,True,False,True,False,False,False,False,False,False,20
8483,0,42.0,1.0,5.0,2.0,535.0,396.0,429.0,0.0,763.0,1,0,0,0,1,0,1,False,True,False,True,False,False,False,False,False,False,18
8483,0,44.0,1.0,5.0,2.0,497.0,466.0,557.0,0.0,646.0,1,0,1,1,1,0,0,False,True,False,False,False,False,False,True,False,False,19
8483,0,45.0,1.0,5.0,2.0,507.0,516.0,589.0,0.0,601.0,1,0,0,0,1,0,1,False,True,False,True,False,False,False,False,False,False,18
8483,0,46.0,1.0,5.0,2.0,545.0,340.0,408.0,0.0,764.0,1,0,0,0,0,0,1,False,True,False,False,False,False,False,True,False,False,19
8483,0,48.0,5.0,5.0,2.0,584.0,501.0,444.0,0.0,621.0,0,0,0,0,1,0,0,False,True,False,True,False,False,False,False,False,False,19
8483,0,49.0,1.0,5.0,2.0,488.0,445.0,538.0,0.0,648.0,0,0,0,1,0,0,1,False,True,False,True,False,False,False,False,False,False,19
8483,0,50.0,1.0,5.0,2.0,473.0,456.0,462.0,0.0,680.0,1,0,0,0,1,0,1,False,True,False,True,False,False,False,False,False,False,21
8483,0,51.0,1.0,5.0,2.0,540.0,572.0,616.0,0.0,506.0,1,0,0,1,0,0,1,False,True,False,True,False,False,False,False,False,False,20
8483,0,52.0,1.0,5.0,2.0,521.0,546.0,419.0,0.0,632.0,0,0,0,1,0,0,1,False,True,False,True,False,False,False,False,False,False,18
8483,0,53.0,2.0,5.0,15.0,559.0,409.0,474.0,0.0,654.0,1,0,0,0,1,0,1,False,True,False,True,False,False,False,False,False,False,20
8483,0,54.0,1.0,5.0,2.0,507.0,445.0,594.0,0.0,595.0,1,0,0,1,0,0,0,False,True,False,True,False,False,False,False,False,False,19
8483,0,55.0,1.0,5.0,2.0,448.0,529.0,308.0,0.0,726.0,1,0,0,0,1,0,0,False,True,False,False,False,False,False,True,False,False,18
8483,0,56.0,1.0,5.0,2.0,550.0,456.0,582.0,0.0,570.0,1,0,0,1,0,0,1,False,True,False,True,False,False,False,False,False,False,25
8483,0,57.0,1.0,5.0,1.0,488.0,540.0,465.0,479.0,623.0,0,0,0,0,1,1,0,False,True,False,False,False,False,False,False,True,False,21
8483,0,58.0,5.0,5.0,2.0,502.0,555.0,384.0,405.0,618.0,0,0,0,1,0,0,1,False,True,False,True,False,False,False,False,False,False,20
8483,0,60.0,1.0,5.0,2.0,507.0,529.0,594.0,503.0,517.0,1,1,0,0,1,0,1,False,True,False,True,False,False,False,False,False,False,23
8483,0,62.0,1.0,5.0,2.0,458.0,466.0,429.0,0.0,656.0,0,0,0,1,0,0,1,False,True,False,True,False,False,False,False,False,False,18
8483,0,63.0,1.0,5.0,2.0,540.0,431.0,435.0,0.0,627.0,1,0,0,1,1,0,1,False,True,False,False,False,False,False,False,True,False,22
8483,0,67.0,2.0,5.0,2.0,448.0,516.0,522.0,0.0,538.0,1,0,0,0,0,0,0,False,True,False,True,False,False,False,False,False,False,21
8483,0,68.0,2.0,5.0,2.0,516.0,422.0,376.0,0.0,628.0,0,0,0,1,1,0,1,False,True,False,True,False,False,False,False,False,False,18
8483,0,69.0,1.0,5.0,2.0,423.0,535.0,598.0,0.0,489.0,1,0,0,1,0,0,0,True,False,False,True,False,False,False,False,False,False,29
8453,2020,1.0,1.0,5.0,2.0,619.0,526.0,415.0,380.0,975.0,1,0,0,0,1,0,1,False,True,False,False,False,False,False,True,False,False,20
8453,2022,4.0,1.0,5.0,2.0,564.0,437.0,454.0,380.0,834.0,1,0,1,1,0,0,1,False,True,False,True,False,False,False,False,False,False,18
8453,2022,6.0,2.0,5.0,2.0,551.0,437.0,484.0,0.0,708.0,1,0,0,1,0,0,1,False,True,False,True,False,False,False,False,False,False,19
8453,2022,7.0,1.0,5.0,2.0,551.0,499.0,419.0,0.0,704.0,0,0,0,0,0,0,1,False,True,False,False,False,False,False,True,False,False,18
8453,2022,9.0,4.0,5.0,2.0,633.0,507.0,450.0,0.0,653.0,1,0,0,1,1,0,1,False,True,False,True,False,False,False,False,False,False,18
8453,2021,17.0,1.0,5.0,2.0,543.0,433.0,486.0,0.0,599.0,1,0,0,1,0,0,0,False,True,False,True,False,False,False,False,False,False,19
8103,2022,1.0,1.0,5.0,1.0,834.0,790.0,657.0,594.0,1000.0,1,0,0,0,1,0,0,False,True,False,True,False,False,False,False,False,False,18
8103,2021,2.0,1.0,5.0,2.0,912.0,801.0,610.0,0.0,974.0,1,0,0,1,0,0,1,False,True,False,True,False,False,False,False,False,False,20
8103,2019,3.0,1.0,5.0,2.0,761.0,814.0,613.0,0.0,910.0,0,0,1,1,0,0,0,False,True,False,True,False,False,False,False,False,False,22
8103,2022,4.0,1.0,5.0,2.0,801.0,728.0,595.0,0.0,1000.0,1,0,0,0,1,0,0,False,True,False,False,False,False,False,True,False,False,18
8103,2022,5.0,1.0,5.0,2.0,745.0,757.0,498.0,0.0,937.0,0,0,0,1,1,0,0,False,True,False,True,False,False,False,False,False,False,18
8103,2022,7.0,2.0,5.0,2.0,633.0,846.0,603.0,0.0,783.0,1,0,0,1,0,0,0,False,True,False,True,False,False,False,False,False,False,18
8103,2021,8.0,1.0,5.0,2.0,627.0,588.0,486.0,0.0,1000.0,1,0,0,1,1,0,1,False,True,False,True,False,False,False,False,False,False,20
8103,2021,9.0,1.0,5.0,2.0,663.0,780.0,633.0,502.0,762.0,1,0,1,1,0,1,0,False,True,False,False,False,False,True,False,False,False,20
8103,2021,10.0,1.0,5.0,2.0,816.0,862.0,678.0,0.0,627.0,1,0,0,1,0,0,0,False,True,False,True,False,False,False,False,False,False,20
8103,2021,12.0,1.0,5.0,2.0,543.0,609.0,504.0,321.0,824.0,1,0,0,0,0,0,0,False,True,False,True,False,False,False,False,False,False,19
8103,2022,13.0,1.0,5.0,2.0,649.0,695.0,519.0,0.0,737.0,1,0,0,1,0,1,0,False,True,False,True,False,False,False,False,False,False,19
8103,2022,14.0,1.0,5.0,2.0,683.0,757.0,613.0,0.0,694.0,1,0,0,1,0,1,0,False,True,False,True,False,False,False,False,False,False,19
8103,2022,15.0,1.0,5.0,2.0,745.0,601.0,498.0,0.0,726.0,1,0,0,1,0,0,1,False,True,False,True,False,False,False,False,False,False,19
8103,2022,16.0,1.0,5.0,2.0,692.0,579.0,502.0,0.0,732.0,1,0,0,1,0,0,0,False,True,False,True,False,False,False,False,False,False,20
8103,2022,17.0,1.0,5.0,2.0,701.0,619.0,573.0,480.0,684.0,1,0,0,1,0,0,1,False,True,False,True,False,False,False,False,False,False,19
8103,2014,18.0,1.0,5.0,2.0,606.0,567.0,519.0,0.0,763.0,1,0,0,1,0,0,0,False,True,False,False,False,False,False,True,False,False,26
8103,2022,19.0,1.0,5.0,2.0,683.0,704.0,595.0,0.0,622.0,1,0,0,1,1,0,0,False,True,False,True,False,False,False,False,False,False,18
8103,2020,20.0,1.0,5.0,9.0,758.0,539.0,593.0,0.0,702.0,1,0,0,0,1,0,1,False,True,False,False,False,False,True,False,False,False,21
8103,2022,22.0,1.0,5.0,2.0,761.0,671.0,506.0,0.0,608.0,1,0,0,1,0,0,0,False,True,False,True,False,False,False,False,False,False,19
8103,2022,25.0,1.0,5.0,2.0,649.0,695.0,487.0,0.0,558.0,0,0,0,0,0,1,0,False,True,False,True,False,False,False,False,False,False,18
8103,2022,26.0,1.0,5.0,2.0,701.0,609.0,610.0,0.0,558.0,0,0,0,0,1,1,0,False,True,False,True,False,False,False,False,False,False,19
8103,2022,27.0,4.0,5.0,2.0,475.0,526.0,431.0,0.0,625.0,1,0,0,0,1,1,0,False,True,False,True,False,False,False,False,False,False,19
8103,2021,29.0,1.0,5.0,2.0,729.0,579.0,582.0,0.0,475.0,1,0,0,1,1,0,0,False,True,False,True,False,False,False,False,False,False,20
8103,2019,30.0,2.0,5.0,2.0,567.0,499.0,573.0,0.0,549.0,1,0,0,1,0,0,1,False,True,False,False,True,False,False,False,False,False,24
8103,2021,32.0,5.0,5.0,9.0,606.0,491.0,411.0,0.0,568.0,1,0,0,0,1,0,0,False,True,False,False,True,False,False,False,False,False,20
8103,2022,34.0,3.0,5.0,2.0,714.0,499.0,487.0,0.0,495.0,1,0,0,0,1,1,0,False,True,False,True,False,False,False,False,False,False,19
8103,2020,35.0,2.0,5.0,5.0,714.0,418.0,493.0,0.0,523.0,1,0,0,0,0,0,1,False,True,False,True,False,False,False,False,False,False,20
8853,2022,1.0,1.0,5.0,2.0,816.0,971.0,754.0,0.0,988.0,1,0,0,0,0,0,0,False,True,False,True,False,False,False,False,False,False,19
8853,2016,2.0,1.0,5.0,2.0,960.0,994.0,761.0,0.0,751.0,1,0,0,1,0,0,0,False,True,False,True,False,False,False,False,False,False,24
8843,2022,2.0,1.0,5.0,2.0,872.0,846.0,613.0,0.0,959.0,1,0,0,1,0,0,0,False,True,False,True,False,False,False,False,False,False,18
8843,2022,3.0,1.0,5.0,2.0,714.0,728.0,555.0,643.0,896.0,0,0,0,1,1,0,0,False,True,False,True,False,False,False,False,False,False,19
8843,2021,4.0,1.0,5.0,2.0,788.0,659.0,647.0,0.0,855.0,1,0,0,1,0,0,1,False,True,False,True,False,False,False,False,False,False,19
8843,2022,5.0,1.0,5.0,4.0,714.0,595.0,454.0,535.0,883.0,1,0,0,0,1,0,1,False,True,False,True,False,False,False,False,False,False,19
8843,2022,6.0,1.0,5.0,2.0,536.0,609.0,527.0,0.0,883.0,1,0,0,1,0,0,1,False,True,False,True,False,False,False,False,False,False,19
8843,2021,7.0,1.0,5.0,2.0,801.0,862.0,704.0,672.0,718.0,1,0,0,1,1,0,0,False,True,False,True,False,False,False,False,False,False,20
8843,2017,10.0,1.0,5.0,2.0,775.0,681.0,638.0,0.0,614.0,1,0,0,0,0,0,1,False,True,False,True,False,False,False,False,False,False,24
8843,2018,13.0,1.0,5.0,2.0,692.0,757.0,574.0,0.0,531.0,1,0,0,1,0,0,0,False,True,False,True,False,False,False,False,False,False,22
8843,2022,15.0,1.0,5.0,2.0,683.0,609.0,493.0,0.0,582.0,1,0,0,1,1,0,1,False,True,False,False,False,False,True,False,False,False,19
8843,2021,16.0,2.0,5.0,2.0,474.0,534.0,403.0,0.0,661.0,1,0,0,1,0,0,1,False,True,False,True,False,False,False,False,False,False,20
8843,2021,17.0,2.0,5.0,2.0,596.0,539.0,398.0,0.0,599.0,1,0,0,1,0,0,0,False,True,False,True,False,False,False,False,False,False,21
8843,2022,19.0,1.0,5.0,2.0,701.0,619.0,454.0,0.0,504.0,1,0,0,0,0,1,1,False,True,False,True,False,False,False,False,False,False,20
8293,2022,1.0,1.0,5.0,2.0,521.0,595.0,500.0,0.0,1000.0,1,0,0,0,1,0,0,False,True,False,True,False,False,False,False,False,False,19
8293,2022,3.0,1.0,5.0,2.0,574.0,877.0,676.0,0.0,817.0,1,0,0,1,0,0,0,False,True,False,True,False,False,False,False,False,False,19
8293,2020,4.0,1.0,5.0,2.0,673.0,452.0,502.0,0.0,865.0,1,0,0,0,0,0,1,False,True,False,True,False,False,False,False,False,False,21
8293,2022,5.0,1.0,5.0,2.0,692.0,507.0,527.0,0.0,832.0,1,0,0,1,1,0,1,False,True,False,True,False,False,False,False,False,False,19
8293,2022,6.0,1.0,5.0,2.0,788.0,588.0,500.0,0.0,797.0,1,0,0,1,0,0,1,False,True,False,True,False,False,False,False,False,False,19
8293,2020,7.0,1.0,5.0,2.0,673.0,576.0,600.0,0.0,766.0,1,0,0,1,0,0,0,False,True,False,True,False,False,False,False,False,False,21
8293,2022,8.0,1.0,5.0,2.0,596.0,554.0,499.0,0.0,771.0,1,0,0,1,1,1,1,False,True,False,False,False,False,False,True,False,False,19
8293,2022,14.0,1.0,5.0,2.0,674.0,499.0,484.0,0.0,586.0,1,0,0,1,0,0,1,False,True,False,True,False,False,False,False,False,False,19
8293,2022,20.0,4.0,5.0,2.0,714.0,491.0,541.0,0.0,526.0,1,0,0,1,0,1,0,False,True,False,True,False,False,False,False,False,False,18
8293,2022,21.0,4.0,5.0,2.0,490.0,507.0,406.0,423.0,560.0,0,0,0,0,1,0,1,False,True,False,False,False,False,False,True,False,False,18
8293,2022,23.0,1.0,5.0,2.0,521.0,516.0,475.0,502.0,536.0,1,0,0,1,0,0,0,False,True,False,False,False,True,False,False,False,False,18
8483,2022,1.0,1.0,5.0,2.0,853.0,780.0,759.0,601.0,932.0,1,0,0,1,0,0,0,False,True,False,True,False,False,False,False,False,False,19
8483,2022,3.0,1.0,5.0,2.0,834.0,595.0,635.0,0.0,1000.0,1,0,0,0,0,0,1,False,True,False,True,False,False,False,False,False,False,19
8483,2022,4.0,1.0,5.0,2.0,701.0,769.0,656.0,0.0,948.0,1,0,0,1,0,0,1,False,True,False,True,False,False,False,False,False,False,19
8483,2022,5.0,3.0,5.0,4.0,775.0,659.0,582.0,0.0,990.0,1,0,0,0,1,1,1,False,True,False,True,False,False,False,False,False,False,19
8483,2022,6.0,1.0,5.0,2.0,729.0,728.0,671.0,0.0,916.0,1,0,0,1,0,0,1,False,True,False,True,False,False,False,False,False,False,18
8483,2022,9.0,14.0,5.0,4.0,788.0,567.0,589.0,0.0,1000.0,1,0,0,0,0,0,1,False,True,False,True,False,False,False,False,False,False,19
8483,2019,10.0,1.0,5.0,2.0,841.0,628.0,732.0,0.0,842.0,1,0,0,0,0,0,0,False,True,False,True,False,False,False,False,False,False,22
8483,2022,11.0,4.0,5.0,2.0,816.0,631.0,647.0,0.0,895.0,1,0,0,0,1,1,1,False,True,False,True,False,False,False,False,False,False,18
8483,2022,12.0,1.0,5.0,2.0,761.0,645.0,647.0,0.0,896.0,1,0,0,1,0,0,1,False,True,False,True,False,False,False,False,False,False,18
8483,2022,13.0,1.0,5.0,2.0,761.0,659.0,611.0,0.0,872.0,1,0,0,1,0,0,1,False,True,False,True,False,False,False,False,False,False,18
8483,2022,15.0,2.0,5.0,15.0,745.0,681.0,662.0,0.0,822.0,1,0,0,0,1,0,0,False,True,False,True,False,False,False,False,False,False,19
8483,2022,16.0,2.0,5.0,2.0,788.0,554.0,467.0,368.0,952.0,1,0,0,1,0,0,0,False,True,False,True,False,False,False,False,False,False,18
8483,2022,17.0,1.0,5.0,2.0,801.0,659.0,656.0,0.0,807.0,1,0,0,1,0,0,0,False,True,False,True,False,False,False,False,False,False,19
8483,2022,18.0,2.0,5.0,2.0,761.0,601.0,493.0,0.0,901.0,1,0,1,0,1,1,1,False,True,False,True,False,False,False,False,False,False,19
8483,2022,19.0,1.0,5.0,2.0,801.0,499.0,552.0,0.0,909.0,1,0,0,1,1,0,1,False,True,False,True,False,False,False,False,False,False,19
8483,2022,20.0,1.0,5.0,2.0,663.0,516.0,565.0,0.0,1000.0,1,0,1,1,0,0,1,False,True,False,True,False,False,False,False,False,False,19
8483,2022,21.0,1.0,5.0,2.0,729.0,579.0,565.0,0.0,879.0,1,0,0,0,0,0,1,False,True,False,True,False,False,False,False,False,False,19
8483,2022,22.0,1.0,5.0,2.0,729.0,480.0,491.0,0.0,951.0,0,0,0,0,1,0,1,False,True,False,True,False,False,False,False,False,False,18
8483,2013,23.0,1.0,5.0,4.0,834.0,659.0,635.0,0.0,744.0,1,0,0,1,0,0,1,False,True,False,True,False,False,False,False,False,False,28
8483,2021,24.0,1.0,5.0,2.0,683.0,554.0,517.0,0.0,1000.0,0,0,0,1,0,0,0,False,True,False,True,False,False,False,False,False,False,21
8483,2022,27.0,2.0,5.0,2.0,701.0,588.0,442.0,0.0,924.0,1,0,0,1,0,0,1,False,True,False,True,False,False,False,False,False,False,18
8483,2021,28.0,4.0,5.0,3.0,701.0,609.0,594.0,0.0,811.0,1,0,0,0,1,0,1,False,True,False,True,False,False,False,False,False,False,20
8483,2022,29.0,2.0,5.0,3.0,692.0,588.0,539.0,0.0,835.0,1,0,0,0,1,0,0,False,True,False,True,False,False,False,False,False,False,18
8483,2022,30.0,6.0,5.0,4.0,633.0,595.0,563.0,502.0,855.0,1,0,0,0,1,0,1,False,True,False,True,False,False,False,False,False,False,19
8483,2022,31.0,2.0,5.0,2.0,714.0,609.0,563.0,0.0,808.0,1,0,0,1,0,0,1,False,True,False,True,False,False,False,False,False,False,18
8483,2022,32.0,2.0,5.0,2.0,683.0,645.0,496.0,0.0,848.0,1,0,0,1,0,1,1,False,True,False,True,False,False,False,False,False,False,19
8483,2022,33.0,2.0,5.0,2.0,692.0,402.0,519.0,0.0,931.0,0,0,0,0,1,0,1,False,True,False,True,False,False,False,False,False,False,19
8483,2021,34.0,1.0,5.0,2.0,581.0,466.0,572.0,0.0,963.0,1,0,0,0,0,0,1,False,True,False,True,False,False,False,False,False,False,20
8483,2012,36.0,1.0,5.0,2.0,730.0,769.0,663.0,0.0,614.0,1,0,0,1,0,0,1,False,True,False,True,False,False,False,False,False,False,29
8483,2022,37.0,1.0,5.0,2.0,788.0,579.0,554.0,578.0,727.0,1,0,0,0,0,1,0,False,True,False,True,False,False,False,False,False,False,19
8483,2022,39.0,1.0,5.0,2.0,701.0,728.0,519.0,496.0,696.0,1,0,0,1,0,0,0,False,True,False,True,False,False,False,False,False,False,19
8483,2022,40.0,1.0,5.0,2.0,633.0,499.0,511.0,0.0,864.0,1,0,0,1,0,0,1,False,True,False,True,False,False,False,False,False,False,19
8483,2021,41.0,1.0,5.0,2.0,674.0,595.0,489.0,0.0,768.0,1,0,0,1,0,1,1,False,True,False,False,False,False,False,False,True,False,20
8483,2021,42.0,4.0,5.0,2.0,674.0,499.0,476.0,431.0,824.0,1,0,0,1,0,0,1,False,True,False,True,False,False,False,False,False,False,20
8483,2021,43.0,3.0,5.0,2.0,730.0,579.0,520.0,502.0,738.0,1,0,0,1,1,1,0,False,True,False,True,False,False,False,False,False,False,20
8483,2022,45.0,3.0,5.0,4.0,619.0,413.0,487.0,0.0,889.0,1,0,0,0,1,1,1,False,True,False,True,False,False,False,False,False,False,19
8483,2022,47.0,6.0,5.0,2.0,582.0,554.0,487.0,0.0,821.0,0,0,0,0,1,0,1,False,True,False,True,False,False,False,False,False,False,18
8483,2022,48.0,1.0,5.0,2.0,701.0,554.0,500.0,489.0,755.0,1,0,0,1,1,0,1,False,True,False,True,False,False,False,False,False,False,21
8483,2022,51.0,2.0,5.0,5.0,761.0,526.0,582.0,511.0,664.0,1,0,0,0,1,0,1,False,True,False,True,False,False,False,False,False,False,18
8483,2022,52.0,1.0,5.0,3.0,633.0,452.0,405.0,0.0,849.0,1,0,0,0,0,0,0,False,True,False,True,False,False,False,False,False,False,19
8483,2022,53.0,1.0,5.0,2.0,589.0,467.0,467.0,368.0,809.0,1,0,0,1,0,0,1,False,True,False,True,False,False,False,False,False,False,19
8483,2022,54.0,1.0,5.0,2.0,596.0,402.0,398.0,368.0,871.0,1,0,0,0,0,0,1,False,True,False,False,False,False,False,True,False,False,19
8483,2022,55.0,1.0,5.0,2.0,465.0,507.0,501.0,0.0,849.0,0,0,0,0,1,0,1,False,True,False,True,False,False,False,False,False,False,19
8483,2022,57.0,1.0,5.0,3.0,619.0,507.0,467.0,0.0,772.0,0,0,0,0,0,1,1,False,True,False,True,False,False,False,False,False,False,18
8483,2018,58.0,2.0,5.0,4.0,729.0,554.0,635.0,0.0,586.0,1,0,0,0,1,1,0,False,True,False,True,False,False,False,False,False,False,22
8483,2021,60.0,2.0,5.0,1.0,692.0,595.0,589.0,592.0,604.0,0,0,0,1,0,0,1,False,True,False,False,False,False,False,True,False,False,20
8483,2018,63.0,3.0,5.0,2.0,701.0,554.0,510.0,0.0,636.0,1,0,0,1,0,0,0,False,True,False,True,False,False,False,False,False,False,23
8483,2022,64.0,2.0,5.0,2.0,596.0,567.0,438.0,480.0,713.0,1,0,1,1,1,0,1,False,True,False,True,False,False,False,False,False,False,19
8483,2021,69.0,3.0,5.0,2.0,606.0,452.0,501.0,563.0,698.0,1,0,0,0,0,0,0,False,True,False,True,False,False,False,False,False,False,20
8483,2019,71.0,2.0,5.0,2.0,729.0,695.0,563.0,0.0,473.0,1,0,0,0,0,0,0,False,True,False,True,False,False,False,False,False,False,22
8483,2022,75.0,4.0,5.0,2.0,551.0,499.0,442.0,0.0,723.0,0,0,1,0,1,0,1,False,True,False,True,False,False,False,False,False,False,18
8483,2019,76.0,1.0,5.0,2.0,633.0,452.0,502.0,0.0,668.0,1,0,0,1,0,0,1,False,True,False,False,True,False,False,False,False,False,22
8483,2022,80.0,1.0,5.0,13.0,775.0,516.0,527.0,0.0,536.0,1,0,0,0,1,0,1,False,True,False,True,False,False,False,False,False,False,19
8483,2022,81.0,1.0,5.0,2.0,483.0,491.0,442.0,380.0,737.0,1,0,0,0,1,0,1,False,True,False,True,False,False,False,False,False,False,18
8483,2022,85.0,5.0,5.0,2.0,674.0,437.0,493.0,0.0,636.0,1,0,1,1,0,0,0,False,True,False,True,False,False,False,False,False,False,18
8483,2022,87.0,3.0,5.0,2.0,589.0,491.0,491.0,0.0,643.0,0,0,0,1,1,1,1,False,True,False,True,False,False,False,False,False,False,19
8483,2021,88.0,1.0,5.0,2.0,581.0,554.0,500.0,0.0,608.0,1,0,0,1,0,0,1,False,True,False,True,False,False,False,False,False,False,20
8483,2021,89.0,4.0,5.0,1.0,747.0,459.0,497.0,0.0,567.0,1,0,0,0,0,1,1,False,True,False,True,False,False,False,False,False,False,20
